group	event	date	time	azim	elev	distance	radialvelocity
1	AOS	06/18/2023	06:03:36	239.76	0.0	2331.97	-6586.48
1		06/18/2023	06:03:37	239.78	0.02	2329.84	-6585.87
1		06/18/2023	06:03:38	239.83	0.08	2323.26	-6583.99
1		06/18/2023	06:03:39	239.89	0.14	2316.68	-6582.08
1		06/18/2023	06:03:40	239.95	0.2	2310.09	-6580.14
1		06/18/2023	06:03:41	240.0	0.26	2303.51	-6578.19
1		06/18/2023	06:03:42	240.06	0.32	2296.94	-6576.21
1		06/18/2023	06:03:43	240.12	0.38	2290.36	-6574.2
1		06/18/2023	06:03:44	240.17	0.44	2283.79	-6572.17
1		06/18/2023	06:03:45	240.23	0.5	2277.22	-6570.11
1		06/18/2023	06:03:46	240.29	0.56	2270.65	-6568.03
1		06/18/2023	06:03:47	240.35	0.62	2264.08	-6565.92
1		06/18/2023	06:03:48	240.41	0.68	2257.52	-6563.79
1		06/18/2023	06:03:49	240.47	0.74	2250.95	-6561.63
1		06/18/2023	06:03:50	240.53	0.8	2244.39	-6559.44
1		06/18/2023	06:03:51	240.59	0.86	2237.84	-6557.23
1		06/18/2023	06:03:52	240.65	0.93	2231.28	-6554.99
1		06/18/2023	06:03:53	240.71	0.99	2224.73	-6552.72
1		06/18/2023	06:03:54	240.77	1.05	2218.17	-6550.43
1		06/18/2023	06:03:55	240.83	1.11	2211.62	-6548.1
1		06/18/2023	06:03:56	240.89	1.17	2205.08	-6545.75
1		06/18/2023	06:03:57	240.96	1.24	2198.53	-6543.37
1		06/18/2023	06:03:58	241.02	1.3	2191.99	-6540.97
1		06/18/2023	06:03:59	241.08	1.36	2185.45	-6538.53
1		06/18/2023	06:04:00	241.14	1.43	2178.91	-6536.06
1		06/18/2023	06:04:01	241.21	1.49	2172.38	-6533.56
1		06/18/2023	06:04:02	241.27	1.55	2165.85	-6531.04
1		06/18/2023	06:04:03	241.34	1.62	2159.32	-6528.48
1		06/18/2023	06:04:04	241.4	1.68	2152.79	-6525.89
1		06/18/2023	06:04:05	241.47	1.74	2146.27	-6523.27
1		06/18/2023	06:04:06	241.53	1.81	2139.74	-6520.62
1		06/18/2023	06:04:07	241.6	1.87	2133.22	-6517.94
1		06/18/2023	06:04:08	241.66	1.94	2126.71	-6515.22
1		06/18/2023	06:04:09	241.73	2.0	2120.19	-6512.48
1		06/18/2023	06:04:10	241.8	2.07	2113.68	-6509.7
1		06/18/2023	06:04:11	241.87	2.13	2107.17	-6506.88
1		06/18/2023	06:04:12	241.93	2.2	2100.67	-6504.04
1		06/18/2023	06:04:13	242.0	2.26	2094.17	-6501.15
1		06/18/2023	06:04:14	242.07	2.33	2087.67	-6498.24
1		06/18/2023	06:04:15	242.14	2.39	2081.17	-6495.29
1		06/18/2023	06:04:16	242.21	2.46	2074.68	-6492.3
1		06/18/2023	06:04:17	242.28	2.53	2068.19	-6489.28
1		06/18/2023	06:04:18	242.35	2.59	2061.7	-6486.22
1		06/18/2023	06:04:19	242.42	2.66	2055.21	-6483.13
1		06/18/2023	06:04:20	242.49	2.73	2048.73	-6480.0
1		06/18/2023	06:04:21	242.56	2.79	2042.25	-6476.83
1		06/18/2023	06:04:22	242.64	2.86	2035.78	-6473.63
1		06/18/2023	06:04:23	242.71	2.93	2029.31	-6470.39
1		06/18/2023	06:04:24	242.78	3.0	2022.84	-6467.1
1		06/18/2023	06:04:25	242.86	3.06	2016.37	-6463.78
1		06/18/2023	06:04:26	242.93	3.13	2009.91	-6460.42
1		06/18/2023	06:04:27	243.01	3.2	2003.45	-6457.02
1		06/18/2023	06:04:28	243.08	3.27	1997.0	-6453.58
1		06/18/2023	06:04:29	243.16	3.34	1990.54	-6450.1
1		06/18/2023	06:04:30	243.23	3.41	1984.1	-6446.58
1		06/18/2023	06:04:31	243.31	3.48	1977.65	-6443.01
1		06/18/2023	06:04:32	243.39	3.55	1971.21	-6439.41
1		06/18/2023	06:04:33	243.47	3.61	1964.77	-6435.76
1		06/18/2023	06:04:34	243.54	3.68	1958.34	-6432.06
1		06/18/2023	06:04:35	243.62	3.76	1951.91	-6428.33
1		06/18/2023	06:04:36	243.7	3.83	1945.48	-6424.54
1		06/18/2023	06:04:37	243.78	3.9	1939.06	-6420.72
1		06/18/2023	06:04:38	243.86	3.97	1932.64	-6416.85
1		06/18/2023	06:04:39	243.94	4.04	1926.22	-6412.93
1		06/18/2023	06:04:40	244.02	4.11	1919.81	-6408.96
1		06/18/2023	06:04:41	244.11	4.18	1913.41	-6404.95
1		06/18/2023	06:04:42	244.19	4.25	1907.0	-6400.89
1		06/18/2023	06:04:43	244.27	4.33	1900.6	-6396.78
1		06/18/2023	06:04:44	244.36	4.4	1894.21	-6392.63
1		06/18/2023	06:04:45	244.44	4.47	1887.82	-6388.42
1		06/18/2023	06:04:46	244.53	4.54	1881.43	-6384.16
1		06/18/2023	06:04:47	244.61	4.62	1875.05	-6379.85
1		06/18/2023	06:04:48	244.7	4.69	1868.67	-6375.5
1		06/18/2023	06:04:49	244.78	4.76	1862.3	-6371.08
1		06/18/2023	06:04:50	244.87	4.84	1855.93	-6366.62
1		06/18/2023	06:04:51	244.96	4.91	1849.57	-6362.1
1		06/18/2023	06:04:52	245.05	4.99	1843.21	-6357.53
1		06/18/2023	06:04:53	245.14	5.06	1836.85	-6352.91
1		06/18/2023	06:04:54	245.23	5.14	1830.5	-6348.22
1		06/18/2023	06:04:55	245.32	5.21	1824.16	-6343.49
1		06/18/2023	06:04:56	245.41	5.29	1817.81	-6338.69
1		06/18/2023	06:04:57	245.5	5.36	1811.48	-6333.84
1		06/18/2023	06:04:58	245.59	5.44	1805.15	-6328.93
1		06/18/2023	06:04:59	245.69	5.52	1798.82	-6323.96
1		06/18/2023	06:05:00	245.78	5.59	1792.5	-6318.93
1		06/18/2023	06:05:01	245.87	5.67	1786.18	-6313.84
1		06/18/2023	06:05:02	245.97	5.75	1779.87	-6308.69
1		06/18/2023	06:05:03	246.06	5.83	1773.57	-6303.47
1		06/18/2023	06:05:04	246.16	5.9	1767.26	-6298.2
1		06/18/2023	06:05:05	246.26	5.98	1760.97	-6292.86
1		06/18/2023	06:05:06	246.36	6.06	1754.68	-6287.45
1		06/18/2023	06:05:07	246.45	6.14	1748.39	-6281.98
1		06/18/2023	06:05:08	246.55	6.22	1742.11	-6276.44
1		06/18/2023	06:05:09	246.65	6.3	1735.84	-6270.84
1		06/18/2023	06:05:10	246.75	6.38	1729.57	-6265.16
1		06/18/2023	06:05:11	246.86	6.46	1723.31	-6259.42
1		06/18/2023	06:05:12	246.96	6.54	1717.05	-6253.61
1		06/18/2023	06:05:13	247.06	6.62	1710.8	-6247.73
1		06/18/2023	06:05:14	247.17	6.7	1704.56	-6241.77
1		06/18/2023	06:05:15	247.27	6.78	1698.32	-6235.75
1		06/18/2023	06:05:16	247.38	6.86	1692.09	-6229.64
1		06/18/2023	06:05:17	247.48	6.95	1685.86	-6223.47
1		06/18/2023	06:05:18	247.59	7.03	1679.64	-6217.22
1		06/18/2023	06:05:19	247.7	7.11	1673.43	-6210.89
1		06/18/2023	06:05:20	247.81	7.19	1667.22	-6204.48
1		06/18/2023	06:05:21	247.92	7.28	1661.02	-6198.0
1		06/18/2023	06:05:22	248.03	7.36	1654.82	-6191.43
1		06/18/2023	06:05:23	248.14	7.44	1648.63	-6184.78
1		06/18/2023	06:05:24	248.25	7.53	1642.45	-6178.06
1		06/18/2023	06:05:25	248.36	7.61	1636.28	-6171.24
1		06/18/2023	06:05:26	248.48	7.7	1630.11	-6164.35
1		06/18/2023	06:05:27	248.59	7.78	1623.95	-6157.37
1		06/18/2023	06:05:28	248.71	7.87	1617.8	-6150.3
1		06/18/2023	06:05:29	248.82	7.96	1611.65	-6143.14
1		06/18/2023	06:05:30	248.94	8.04	1605.51	-6135.89
1		06/18/2023	06:05:31	249.06	8.13	1599.38	-6128.56
1		06/18/2023	06:05:32	249.18	8.22	1593.25	-6121.13
1		06/18/2023	06:05:33	249.3	8.3	1587.14	-6113.61
1		06/18/2023	06:05:34	249.42	8.39	1581.03	-6105.99
1		06/18/2023	06:05:35	249.54	8.48	1574.92	-6098.28
1		06/18/2023	06:05:36	249.67	8.57	1568.83	-6090.47
1		06/18/2023	06:05:37	249.79	8.66	1562.74	-6082.57
1		06/18/2023	06:05:38	249.92	8.75	1556.66	-6074.56
1		06/18/2023	06:05:39	250.04	8.84	1550.59	-6066.45
1		06/18/2023	06:05:40	250.17	8.93	1544.53	-6058.24
1		06/18/2023	06:05:41	250.3	9.02	1538.48	-6049.93
1		06/18/2023	06:05:42	250.43	9.11	1532.43	-6041.51
1		06/18/2023	06:05:43	250.56	9.2	1526.39	-6032.99
1		06/18/2023	06:05:44	250.69	9.29	1520.37	-6024.35
1		06/18/2023	06:05:45	250.83	9.39	1514.35	-6015.61
1		06/18/2023	06:05:46	250.96	9.48	1508.33	-6006.75
1		06/18/2023	06:05:47	251.09	9.57	1502.33	-5997.78
1		06/18/2023	06:05:48	251.23	9.67	1496.34	-5988.7
1		06/18/2023	06:05:49	251.37	9.76	1490.35	-5979.5
1		06/18/2023	06:05:50	251.51	9.85	1484.38	-5970.18
1		06/18/2023	06:05:51	251.65	9.95	1478.41	-5960.74
1		06/18/2023	06:05:52	251.79	10.04	1472.46	-5951.18
1		06/18/2023	06:05:53	251.93	10.14	1466.51	-5941.5
1		06/18/2023	06:05:54	252.07	10.24	1460.58	-5931.69
1		06/18/2023	06:05:55	252.22	10.33	1454.65	-5921.76
1		06/18/2023	06:05:56	252.36	10.43	1448.73	-5911.69
1		06/18/2023	06:05:57	252.51	10.53	1442.83	-5901.5
1		06/18/2023	06:05:58	252.66	10.62	1436.93	-5891.17
1		06/18/2023	06:05:59	252.81	10.72	1431.04	-5880.71
1		06/18/2023	06:06:00	252.96	10.82	1425.17	-5870.11
1		06/18/2023	06:06:01	253.11	10.92	1419.3	-5859.38
1		06/18/2023	06:06:02	253.27	11.02	1413.45	-5848.5
1		06/18/2023	06:06:03	253.42	11.12	1407.61	-5837.48
1		06/18/2023	06:06:04	253.58	11.22	1401.77	-5826.32
1		06/18/2023	06:06:05	253.74	11.32	1395.95	-5815.01
1		06/18/2023	06:06:06	253.9	11.42	1390.14	-5803.56
1		06/18/2023	06:06:07	254.06	11.53	1384.35	-5791.95
1		06/18/2023	06:06:08	254.22	11.63	1378.56	-5780.19
1		06/18/2023	06:06:09	254.39	11.73	1372.79	-5768.27
1		06/18/2023	06:06:10	254.55	11.83	1367.02	-5756.2
1		06/18/2023	06:06:11	254.72	11.94	1361.27	-5743.96
1		06/18/2023	06:06:12	254.89	12.04	1355.54	-5731.56
1		06/18/2023	06:06:13	255.06	12.15	1349.81	-5719.0
1		06/18/2023	06:06:14	255.23	12.25	1344.1	-5706.28
1		06/18/2023	06:06:15	255.4	12.36	1338.4	-5693.38
1		06/18/2023	06:06:16	255.58	12.46	1332.71	-5680.31
1		06/18/2023	06:06:17	255.75	12.57	1327.04	-5667.07
1		06/18/2023	06:06:18	255.93	12.68	1321.38	-5653.64
1		06/18/2023	06:06:19	256.11	12.78	1315.73	-5640.04
1		06/18/2023	06:06:20	256.29	12.89	1310.1	-5626.26
1		06/18/2023	06:06:21	256.47	13.0	1304.48	-5612.29
1		06/18/2023	06:06:22	256.66	13.11	1298.87	-5598.14
1		06/18/2023	06:06:23	256.85	13.22	1293.28	-5583.79
1		06/18/2023	06:06:24	257.03	13.33	1287.7	-5569.26
1		06/18/2023	06:06:25	257.22	13.44	1282.14	-5554.52
1		06/18/2023	06:06:26	257.42	13.55	1276.6	-5539.59
1		06/18/2023	06:06:27	257.61	13.66	1271.06	-5524.45
1		06/18/2023	06:06:28	257.81	13.78	1265.55	-5509.11
1		06/18/2023	06:06:29	258.0	13.89	1260.05	-5493.56
1		06/18/2023	06:06:30	258.2	14.0	1254.56	-5477.81
1		06/18/2023	06:06:31	258.4	14.11	1249.09	-5461.83
1		06/18/2023	06:06:32	258.61	14.23	1243.64	-5445.65
1		06/18/2023	06:06:33	258.81	14.34	1238.2	-5429.24
1		06/18/2023	06:06:34	259.02	14.46	1232.78	-5412.6
1		06/18/2023	06:06:35	259.23	14.57	1227.37	-5395.75
1		06/18/2023	06:06:36	259.44	14.69	1221.99	-5378.66
1		06/18/2023	06:06:37	259.65	14.81	1216.62	-5361.34
1		06/18/2023	06:06:38	259.87	14.92	1211.26	-5343.78
1		06/18/2023	06:06:39	260.09	15.04	1205.93	-5325.98
1		06/18/2023	06:06:40	260.31	15.16	1200.61	-5307.94
1		06/18/2023	06:06:41	260.53	15.28	1195.31	-5289.65
1		06/18/2023	06:06:42	260.75	15.4	1190.03	-5271.12
1		06/18/2023	06:06:43	260.98	15.51	1184.77	-5252.33
1		06/18/2023	06:06:44	261.21	15.63	1179.53	-5233.28
1		06/18/2023	06:06:45	261.44	15.76	1174.3	-5213.97
1		06/18/2023	06:06:46	261.67	15.88	1169.1	-5194.4
1		06/18/2023	06:06:47	261.91	16.0	1163.92	-5174.55
1		06/18/2023	06:06:48	262.15	16.12	1158.75	-5154.44
1		06/18/2023	06:06:49	262.39	16.24	1153.61	-5134.05
1		06/18/2023	06:06:50	262.63	16.36	1148.48	-5113.38
1		06/18/2023	06:06:51	262.88	16.49	1143.38	-5092.43
1		06/18/2023	06:06:52	263.13	16.61	1138.3	-5071.19
1		06/18/2023	06:06:53	263.38	16.74	1133.24	-5049.66
1		06/18/2023	06:06:54	263.63	16.86	1128.2	-5027.83
1		06/18/2023	06:06:55	263.88	16.98	1123.18	-5005.71
1		06/18/2023	06:06:56	264.14	17.11	1118.19	-4983.28
1		06/18/2023	06:06:57	264.4	17.24	1113.22	-4960.54
1		06/18/2023	06:06:58	264.67	17.36	1108.27	-4937.49
1		06/18/2023	06:06:59	264.93	17.49	1103.34	-4914.13
1		06/18/2023	06:07:00	265.2	17.62	1098.44	-4890.45
1		06/18/2023	06:07:01	265.47	17.74	1093.56	-4866.45
1		06/18/2023	06:07:02	265.75	17.87	1088.71	-4842.11
1		06/18/2023	06:07:03	266.03	18.0	1083.88	-4817.45
1		06/18/2023	06:07:04	266.31	18.13	1079.07	-4792.44
1		06/18/2023	06:07:05	266.59	18.26	1074.29	-4767.1
1		06/18/2023	06:07:06	266.88	18.39	1069.54	-4741.42
1		06/18/2023	06:07:07	267.17	18.52	1064.81	-4715.38
1		06/18/2023	06:07:08	267.46	18.65	1060.11	-4688.99
1		06/18/2023	06:07:09	267.75	18.78	1055.43	-4662.24
1		06/18/2023	06:07:10	268.05	18.91	1050.78	-4635.14
1		06/18/2023	06:07:11	268.35	19.04	1046.16	-4607.66
1		06/18/2023	06:07:12	268.66	19.17	1041.57	-4579.82
1		06/18/2023	06:07:13	268.96	19.3	1037.0	-4551.6
1		06/18/2023	06:07:14	269.28	19.43	1032.46	-4523.0
1		06/18/2023	06:07:15	269.59	19.56	1027.96	-4494.02
1		06/18/2023	06:07:16	269.91	19.7	1023.48	-4464.66
1		06/18/2023	06:07:17	270.23	19.83	1019.03	-4434.9
1		06/18/2023	06:07:18	270.55	19.96	1014.61	-4404.74
1		06/18/2023	06:07:19	270.88	20.09	1010.22	-4374.19
1		06/18/2023	06:07:20	271.21	20.23	1005.86	-4343.23
1		06/18/2023	06:07:21	271.54	20.36	1001.53	-4311.86
1		06/18/2023	06:07:22	271.88	20.49	997.23	-4280.08
1		06/18/2023	06:07:23	272.22	20.63	992.97	-4247.89
1		06/18/2023	06:07:24	272.57	20.76	988.74	-4215.27
1		06/18/2023	06:07:25	272.91	20.89	984.54	-4182.23
1		06/18/2023	06:07:26	273.27	21.03	980.37	-4148.76
1		06/18/2023	06:07:27	273.62	21.16	976.24	-4114.86
1		06/18/2023	06:07:28	273.98	21.29	972.14	-4080.53
1		06/18/2023	06:07:29	274.34	21.43	968.08	-4045.75
1		06/18/2023	06:07:30	274.71	21.56	964.05	-4010.54
1		06/18/2023	06:07:31	275.08	21.69	960.06	-3974.87
1		06/18/2023	06:07:32	275.45	21.83	956.1	-3938.76
1		06/18/2023	06:07:33	275.83	21.96	952.18	-3902.19
1		06/18/2023	06:07:34	276.21	22.09	948.3	-3865.17
1		06/18/2023	06:07:35	276.6	22.22	944.45	-3827.69
1		06/18/2023	06:07:36	276.99	22.36	940.64	-3789.74
1		06/18/2023	06:07:37	277.38	22.49	936.87	-3751.33
1		06/18/2023	06:07:38	277.78	22.62	933.14	-3712.46
1		06/18/2023	06:07:39	278.18	22.75	929.45	-3673.11
1		06/18/2023	06:07:40	278.58	22.88	925.8	-3633.29
1		06/18/2023	06:07:41	278.99	23.01	922.18	-3592.99
1		06/18/2023	06:07:42	279.4	23.14	918.61	-3552.22
1		06/18/2023	06:07:43	279.82	23.27	915.08	-3510.97
1		06/18/2023	06:07:44	280.24	23.4	911.59	-3469.23
1		06/18/2023	06:07:45	280.66	23.53	908.14	-3427.02
1		06/18/2023	06:07:46	281.09	23.66	904.73	-3384.32
1		06/18/2023	06:07:47	281.52	23.78	901.37	-3341.13
1		06/18/2023	06:07:48	281.96	23.91	898.05	-3297.46
1		06/18/2023	06:07:49	282.4	24.03	894.78	-3253.3
1		06/18/2023	06:07:50	282.85	24.16	891.55	-3208.66
1		06/18/2023	06:07:51	283.3	24.28	888.36	-3163.53
1		06/18/2023	06:07:52	283.75	24.41	885.22	-3117.9
1		06/18/2023	06:07:53	284.21	24.53	882.12	-3071.8
1		06/18/2023	06:07:54	284.67	24.65	879.08	-3025.2
1		06/18/2023	06:07:55	285.13	24.77	876.07	-2978.12
1		06/18/2023	06:07:56	285.6	24.89	873.12	-2930.55
1		06/18/2023	06:07:57	286.07	25.01	870.21	-2882.5
1		06/18/2023	06:07:58	286.55	25.12	867.35	-2833.97
1		06/18/2023	06:07:59	287.03	25.24	864.54	-2784.95
1		06/18/2023	06:08:00	287.52	25.35	861.78	-2735.46
1		06/18/2023	06:08:01	288.01	25.47	859.07	-2685.49
1		06/18/2023	06:08:02	288.5	25.58	856.41	-2635.05
1		06/18/2023	06:08:03	289.0	25.69	853.8	-2584.14
1		06/18/2023	06:08:04	289.5	25.8	851.25	-2532.76
1		06/18/2023	06:08:05	290.0	25.9	848.74	-2480.92
1		06/18/2023	06:08:06	290.51	26.01	846.28	-2428.62
1		06/18/2023	06:08:07	291.03	26.11	843.88	-2375.86
1		06/18/2023	06:08:08	291.54	26.21	841.53	-2322.66
1		06/18/2023	06:08:09	292.06	26.32	839.24	-2269.01
1		06/18/2023	06:08:10	292.59	26.41	836.99	-2214.92
1		06/18/2023	06:08:11	293.11	26.51	834.81	-2160.4
1		06/18/2023	06:08:12	293.65	26.61	832.67	-2105.46
1		06/18/2023	06:08:13	294.18	26.7	830.6	-2050.09
1		06/18/2023	06:08:14	294.72	26.79	828.57	-1994.31
1		06/18/2023	06:08:15	295.26	26.88	826.61	-1938.13
1		06/18/2023	06:08:16	295.81	26.97	824.7	-1881.54
1		06/18/2023	06:08:17	296.35	27.05	822.84	-1824.57
1		06/18/2023	06:08:18	296.91	27.13	821.05	-1767.21
1		06/18/2023	06:08:19	297.46	27.21	819.31	-1709.49
1		06/18/2023	06:08:20	298.02	27.29	817.63	-1651.4
1		06/18/2023	06:08:21	298.58	27.37	816.01	-1592.95
1		06/18/2023	06:08:22	299.14	27.44	814.44	-1534.16
1		06/18/2023	06:08:23	299.71	27.51	812.94	-1475.04
1		06/18/2023	06:08:24	300.28	27.58	811.49	-1415.59
1		06/18/2023	06:08:25	300.85	27.64	810.11	-1355.83
1		06/18/2023	06:08:26	301.43	27.71	808.78	-1295.77
1		06/18/2023	06:08:27	302.01	27.77	807.52	-1235.42
1		06/18/2023	06:08:28	302.59	27.82	806.31	-1174.79
1		06/18/2023	06:08:29	303.17	27.88	805.17	-1113.89
1		06/18/2023	06:08:30	303.75	27.93	804.08	-1052.74
1		06/18/2023	06:08:31	304.34	27.98	803.06	-991.35
1		06/18/2023	06:08:32	304.93	28.03	802.1	-929.73
1		06/18/2023	06:08:33	305.52	28.07	801.2	-867.89
1		06/18/2023	06:08:34	306.11	28.11	800.37	-805.86
1		06/18/2023	06:08:35	306.7	28.15	799.59	-743.64
1		06/18/2023	06:08:36	307.3	28.18	798.88	-681.24
1		06/18/2023	06:08:37	307.89	28.22	798.23	-618.68
1		06/18/2023	06:08:38	308.49	28.25	797.64	-555.98
1		06/18/2023	06:08:39	309.09	28.27	797.12	-493.15
1		06/18/2023	06:08:40	309.69	28.29	796.65	-430.2
1		06/18/2023	06:08:41	310.29	28.31	796.26	-367.15
1		06/18/2023	06:08:42	310.89	28.33	795.92	-304.01
1		06/18/2023	06:08:43	311.49	28.34	795.65	-240.8
1		06/18/2023	06:08:44	312.1	28.35	795.44	-177.53
1		06/18/2023	06:08:45	312.7	28.36	795.29	-114.22
1		06/18/2023	06:08:46	313.3	28.37	795.21	-50.89
1	MAX	06/18/2023	06:08:46	313.84	28.37	795.19	5.98
1		06/18/2023	06:08:47	313.91	28.37	795.19	12.46
1		06/18/2023	06:08:48	314.51	28.37	795.24	75.8
1		06/18/2023	06:08:49	315.11	28.36	795.34	139.13
1		06/18/2023	06:08:50	315.71	28.35	795.51	202.41
1		06/18/2023	06:08:51	316.32	28.34	795.75	265.65
1		06/18/2023	06:08:52	316.92	28.33	796.04	328.83
1		06/18/2023	06:08:53	317.52	28.31	796.41	391.93
1		06/18/2023	06:08:54	318.12	28.29	796.83	454.93
1		06/18/2023	06:08:55	318.72	28.27	797.31	517.82
1		06/18/2023	06:08:56	319.32	28.24	797.86	580.59
1		06/18/2023	06:08:57	319.92	28.21	798.48	643.22
1		06/18/2023	06:08:58	320.51	28.18	799.15	705.7
1		06/18/2023	06:08:59	321.11	28.14	799.89	768.01
1		06/18/2023	06:09:00	321.7	28.1	800.69	830.13
1		06/18/2023	06:09:01	322.29	28.06	801.55	892.07
1		06/18/2023	06:09:02	322.88	28.02	802.47	953.8
1		06/18/2023	06:09:03	323.47	27.97	803.45	1015.3
1		06/18/2023	06:09:04	324.05	27.92	804.5	1076.57
1		06/18/2023	06:09:05	324.64	27.87	805.61	1137.59
1		06/18/2023	06:09:06	325.22	27.81	806.78	1198.35
1		06/18/2023	06:09:07	325.8	27.76	808.0	1258.84
1		06/18/2023	06:09:08	326.37	27.69	809.29	1319.05
1		06/18/2023	06:09:09	326.95	27.63	810.64	1378.96
1		06/18/2023	06:09:10	327.52	27.56	812.05	1438.56
1		06/18/2023	06:09:11	328.09	27.5	813.52	1497.85
1		06/18/2023	06:09:12	328.65	27.43	815.05	1556.8
1		06/18/2023	06:09:13	329.22	27.35	816.63	1615.41
1		06/18/2023	06:09:14	329.78	27.28	818.28	1673.68
1		06/18/2023	06:09:15	330.33	27.2	819.98	1731.58
1		06/18/2023	06:09:16	330.89	27.12	821.74	1789.12
1		06/18/2023	06:09:17	331.44	27.03	823.56	1846.28
1		06/18/2023	06:09:18	331.98	26.95	825.43	1903.06
1		06/18/2023	06:09:19	332.53	26.86	827.36	1959.44
1		06/18/2023	06:09:20	333.07	26.77	829.35	2015.41
1		06/18/2023	06:09:21	333.61	26.68	831.39	2070.98
1		06/18/2023	06:09:22	334.14	26.59	833.49	2126.13
1		06/18/2023	06:09:23	334.67	26.49	835.65	2180.86
1		06/18/2023	06:09:24	335.2	26.4	837.86	2235.15
1		06/18/2023	06:09:25	335.72	26.3	840.12	2289.01
1		06/18/2023	06:09:26	336.24	26.2	842.43	2342.43
1		06/18/2023	06:09:27	336.75	26.09	844.8	2395.4
1		06/18/2023	06:09:28	337.27	25.99	847.22	2447.92
1		06/18/2023	06:09:29	337.77	25.88	849.7	2499.98
1		06/18/2023	06:09:30	338.28	25.78	852.22	2551.58
1		06/18/2023	06:09:31	338.78	25.67	854.8	2602.72
1		06/18/2023	06:09:32	339.27	25.56	857.43	2653.39
1		06/18/2023	06:09:33	339.76	25.45	860.11	2703.58
1		06/18/2023	06:09:34	340.25	25.33	862.84	2753.3
1		06/18/2023	06:09:35	340.74	25.22	865.61	2802.54
1		06/18/2023	06:09:36	341.22	25.1	868.44	2851.3
1		06/18/2023	06:09:37	341.69	24.99	871.32	2899.58
1		06/18/2023	06:09:38	342.16	24.87	874.24	2947.38
1		06/18/2023	06:09:39	342.63	24.75	877.21	2994.69
1		06/18/2023	06:09:40	343.1	24.63	880.23	3041.51
1		06/18/2023	06:09:41	343.56	24.51	883.29	3087.85
1		06/18/2023	06:09:42	344.01	24.39	886.4	3133.7
1		06/18/2023	06:09:43	344.46	24.26	889.56	3179.06
1		06/18/2023	06:09:44	344.91	24.14	892.76	3223.93
1		06/18/2023	06:09:45	345.35	24.02	896.01	3268.32
1		06/18/2023	06:09:46	345.79	23.89	899.3	3312.21
1		06/18/2023	06:09:47	346.23	23.76	902.63	3355.62
1		06/18/2023	06:09:48	346.66	23.64	906.01	3398.55
1		06/18/2023	06:09:49	347.09	23.51	909.43	3440.99
1		06/18/2023	06:09:50	347.51	23.38	912.89	3482.94
1		06/18/2023	06:09:51	347.93	23.25	916.4	3524.41
1		06/18/2023	06:09:52	348.35	23.12	919.94	3565.41
1		06/18/2023	06:09:53	348.76	22.99	923.53	3605.92
1		06/18/2023	06:09:54	349.16	22.86	927.15	3645.96
1		06/18/2023	06:09:55	349.57	22.73	930.82	3685.52
1		06/18/2023	06:09:56	349.97	22.6	934.52	3724.61
1		06/18/2023	06:09:57	350.36	22.47	938.27	3763.23
1		06/18/2023	06:09:58	350.75	22.34	942.05	3801.38
1		06/18/2023	06:09:59	351.14	22.21	945.87	3839.07
1		06/18/2023	06:10:00	351.53	22.08	949.73	3876.3
1		06/18/2023	06:10:01	351.91	21.94	953.62	3913.07
1		06/18/2023	06:10:02	352.28	21.81	957.55	3949.38
1		06/18/2023	06:10:03	352.66	21.68	961.52	3985.24
1		06/18/2023	06:10:04	353.02	21.55	965.52	4020.66
1		06/18/2023	06:10:05	353.39	21.41	969.56	4055.62
1		06/18/2023	06:10:06	353.75	21.28	973.63	4090.15
1		06/18/2023	06:10:07	354.11	21.15	977.74	4124.24
1		06/18/2023	06:10:08	354.46	21.01	981.88	4157.9
1		06/18/2023	06:10:09	354.81	20.88	986.06	4191.12
1		06/18/2023	06:10:10	355.16	20.75	990.26	4223.92
1		06/18/2023	06:10:11	355.5	20.62	994.5	4256.29
1		06/18/2023	06:10:12	355.84	20.48	998.78	4288.25
1		06/18/2023	06:10:13	356.18	20.35	1003.08	4319.79
1		06/18/2023	06:10:14	356.51	20.22	1007.42	4350.92
1		06/18/2023	06:10:15	356.84	20.08	1011.78	4381.65
1		06/18/2023	06:10:16	357.17	19.95	1016.18	4411.97
1		06/18/2023	06:10:17	357.49	19.82	1020.61	4441.89
1		06/18/2023	06:10:18	357.81	19.69	1025.06	4471.42
1		06/18/2023	06:10:19	358.13	19.56	1029.55	4500.56
1		06/18/2023	06:10:20	358.44	19.43	1034.06	4529.32
1		06/18/2023	06:10:21	358.75	19.29	1038.61	4557.69
1		06/18/2023	06:10:22	359.06	19.16	1043.18	4585.69
1		06/18/2023	06:10:23	359.36	19.03	1047.78	4613.31
1		06/18/2023	06:10:24	359.66	18.9	1052.41	4640.56
1		06/18/2023	06:10:25	359.96	18.77	1057.06	4667.46
1		06/18/2023	06:10:26	0.26	18.64	1061.74	4693.99
1		06/18/2023	06:10:27	0.55	18.51	1066.45	4720.16
1		06/18/2023	06:10:28	0.83	18.38	1071.18	4745.98
1		06/18/2023	06:10:29	1.12	18.25	1075.94	4771.46
1		06/18/2023	06:10:30	1.4	18.13	1080.72	4796.59
1		06/18/2023	06:10:31	1.68	18.0	1085.53	4821.39
1		06/18/2023	06:10:32	1.96	17.87	1090.37	4845.85
1		06/18/2023	06:10:33	2.23	17.74	1095.22	4869.98
1		06/18/2023	06:10:34	2.5	17.61	1100.11	4893.78
1		06/18/2023	06:10:35	2.77	17.49	1105.01	4917.26
1		06/18/2023	06:10:36	3.04	17.36	1109.94	4940.43
1		06/18/2023	06:10:37	3.3	17.24	1114.89	4963.28
1		06/18/2023	06:10:38	3.56	17.11	1119.87	4985.82
1		06/18/2023	06:10:39	3.82	16.99	1124.86	5008.05
1		06/18/2023	06:10:40	4.08	16.86	1129.88	5029.99
1		06/18/2023	06:10:41	4.33	16.74	1134.92	5051.62
1		06/18/2023	06:10:42	4.58	16.61	1139.99	5072.97
1		06/18/2023	06:10:43	4.83	16.49	1145.07	5094.02
1		06/18/2023	06:10:44	5.07	16.37	1150.17	5114.79
1		06/18/2023	06:10:45	5.31	16.24	1155.3	5135.27
1		06/18/2023	06:10:46	5.55	16.12	1160.44	5155.48
1		06/18/2023	06:10:47	5.79	16.0	1165.61	5175.41
1		06/18/2023	06:10:48	6.03	15.88	1170.79	5195.08
1		06/18/2023	06:10:49	6.26	15.76	1176.0	5214.47
1		06/18/2023	06:10:50	6.49	15.64	1181.22	5233.61
1		06/18/2023	06:10:51	6.72	15.52	1186.47	5252.48
1		06/18/2023	06:10:52	6.94	15.4	1191.73	5271.1
1		06/18/2023	06:10:53	7.17	15.28	1197.01	5289.46
1		06/18/2023	06:10:54	7.39	15.17	1202.31	5307.58
1		06/18/2023	06:10:55	7.61	15.05	1207.62	5325.45
1		06/18/2023	06:10:56	7.83	14.93	1212.96	5343.08
1		06/18/2023	06:10:57	8.04	14.81	1218.31	5360.48
1		06/18/2023	06:10:58	8.26	14.7	1223.68	5377.63
1		06/18/2023	06:10:59	8.47	14.58	1229.07	5394.56
1		06/18/2023	06:11:00	8.68	14.47	1234.47	5411.26
1		06/18/2023	06:11:01	8.88	14.35	1239.89	5427.73
1		06/18/2023	06:11:02	9.09	14.24	1245.32	5443.98
1		06/18/2023	06:11:03	9.29	14.13	1250.78	5460.01
1		06/18/2023	06:11:04	9.49	14.01	1256.24	5475.83
1		06/18/2023	06:11:05	9.69	13.9	1261.73	5491.43
1		06/18/2023	06:11:06	9.89	13.79	1267.23	5506.83
1		06/18/2023	06:11:07	10.09	13.68	1272.74	5522.01
1		06/18/2023	06:11:08	10.28	13.56	1278.27	5537.0
1		06/18/2023	06:11:09	10.47	13.45	1283.81	5551.78
1		06/18/2023	06:11:10	10.66	13.34	1289.37	5566.37
1		06/18/2023	06:11:11	10.85	13.23	1294.95	5580.76
1		06/18/2023	06:11:12	11.04	13.13	1300.53	5594.96
1		06/18/2023	06:11:13	11.22	13.02	1306.14	5608.97
1		06/18/2023	06:11:14	11.4	12.91	1311.75	5622.8
1		06/18/2023	06:11:15	11.59	12.8	1317.38	5636.44
1		06/18/2023	06:11:16	11.76	12.69	1323.03	5649.9
1		06/18/2023	06:11:17	11.94	12.59	1328.68	5663.18
1		06/18/2023	06:11:18	12.12	12.48	1334.35	5676.28
1		06/18/2023	06:11:19	12.29	12.37	1340.03	5689.21
1		06/18/2023	06:11:20	12.47	12.27	1345.73	5701.97
1		06/18/2023	06:11:21	12.64	12.16	1351.44	5714.57
1		06/18/2023	06:11:22	12.81	12.06	1357.16	5726.99
1		06/18/2023	06:11:23	12.98	11.96	1362.89	5739.26
1		06/18/2023	06:11:24	13.14	11.85	1368.64	5751.36
1		06/18/2023	06:11:25	13.31	11.75	1374.4	5763.3
1		06/18/2023	06:11:26	13.47	11.65	1380.16	5775.09
1		06/18/2023	06:11:27	13.64	11.55	1385.95	5786.72
1		06/18/2023	06:11:28	13.8	11.44	1391.74	5798.2
1		06/18/2023	06:11:29	13.96	11.34	1397.54	5809.53
1		06/18/2023	06:11:30	14.12	11.24	1403.36	5820.71
1		06/18/2023	06:11:31	14.27	11.14	1409.18	5831.75
1		06/18/2023	06:11:32	14.43	11.04	1415.02	5842.64
1		06/18/2023	06:11:33	14.58	10.94	1420.87	5853.39
1		06/18/2023	06:11:34	14.73	10.84	1426.73	5864.01
1		06/18/2023	06:11:35	14.89	10.75	1432.6	5874.48
1		06/18/2023	06:11:36	15.04	10.65	1438.48	5884.82
1		06/18/2023	06:11:37	15.19	10.55	1444.37	5895.03
1		06/18/2023	06:11:38	15.33	10.45	1450.27	5905.1
1		06/18/2023	06:11:39	15.48	10.36	1456.18	5915.05
1		06/18/2023	06:11:40	15.62	10.26	1462.1	5924.86
1		06/18/2023	06:11:41	15.77	10.17	1468.03	5934.55
1		06/18/2023	06:11:42	15.91	10.07	1473.96	5944.12
1		06/18/2023	06:11:43	16.05	9.97	1479.91	5953.56
1		06/18/2023	06:11:44	16.19	9.88	1485.87	5962.89
1		06/18/2023	06:11:45	16.33	9.79	1491.84	5972.09
1		06/18/2023	06:11:46	16.47	9.69	1497.82	5981.18
1		06/18/2023	06:11:47	16.61	9.6	1503.8	5990.15
1		06/18/2023	06:11:48	16.74	9.51	1509.8	5999.01
1		06/18/2023	06:11:49	16.88	9.41	1515.8	6007.75
1		06/18/2023	06:11:50	17.01	9.32	1521.81	6016.39
1		06/18/2023	06:11:51	17.14	9.23	1527.83	6024.91
1		06/18/2023	06:11:52	17.27	9.14	1533.86	6033.33
1		06/18/2023	06:11:53	17.4	9.05	1539.9	6041.64
1		06/18/2023	06:11:54	17.53	8.96	1545.94	6049.85
1		06/18/2023	06:11:55	17.66	8.87	1552.0	6057.95
1		06/18/2023	06:11:56	17.79	8.78	1558.06	6065.95
1		06/18/2023	06:11:57	17.91	8.69	1564.13	6073.85
1		06/18/2023	06:11:58	18.04	8.6	1570.21	6081.65
1		06/18/2023	06:11:59	18.16	8.51	1576.29	6089.35
1		06/18/2023	06:12:00	18.28	8.42	1582.39	6096.96
1		06/18/2023	06:12:01	18.41	8.34	1588.49	6104.47
1		06/18/2023	06:12:02	18.53	8.25	1594.6	6111.89
1		06/18/2023	06:12:03	18.65	8.16	1600.71	6119.22
1		06/18/2023	06:12:04	18.77	8.08	1606.83	6126.45
1		06/18/2023	06:12:05	18.88	7.99	1612.96	6133.6
1		06/18/2023	06:12:06	19.0	7.9	1619.1	6140.65
1		06/18/2023	06:12:07	19.12	7.82	1625.25	6147.62
1		06/18/2023	06:12:08	19.23	7.73	1631.4	6154.5
1		06/18/2023	06:12:09	19.35	7.65	1637.55	6161.3
1		06/18/2023	06:12:10	19.46	7.56	1643.72	6168.02
1		06/18/2023	06:12:11	19.57	7.48	1649.89	6174.65
1		06/18/2023	06:12:12	19.69	7.4	1656.07	6181.19
1		06/18/2023	06:12:13	19.8	7.31	1662.25	6187.66
1		06/18/2023	06:12:14	19.91	7.23	1668.44	6194.05
1		06/18/2023	06:12:15	20.02	7.15	1674.64	6200.36
1		06/18/2023	06:12:16	20.12	7.06	1680.84	6206.6
1		06/18/2023	06:12:17	20.23	6.98	1687.05	6212.75
1		06/18/2023	06:12:18	20.34	6.9	1693.27	6218.83
1		06/18/2023	06:12:19	20.44	6.82	1699.49	6224.84
1		06/18/2023	06:12:20	20.55	6.74	1705.72	6230.77
1		06/18/2023	06:12:21	20.65	6.66	1711.95	6236.64
1		06/18/2023	06:12:22	20.76	6.58	1718.19	6242.43
1		06/18/2023	06:12:23	20.86	6.5	1724.44	6248.15
1		06/18/2023	06:12:24	20.96	6.42	1730.69	6253.8
1		06/18/2023	06:12:25	21.06	6.34	1736.95	6259.38
1		06/18/2023	06:12:26	21.17	6.26	1743.21	6264.89
1		06/18/2023	06:12:27	21.27	6.18	1749.47	6270.34
1		06/18/2023	06:12:28	21.36	6.1	1755.75	6275.72
1		06/18/2023	06:12:29	21.46	6.02	1762.03	6281.03
1		06/18/2023	06:12:30	21.56	5.94	1768.31	6286.28
1		06/18/2023	06:12:31	21.66	5.87	1774.6	6291.47
1		06/18/2023	06:12:32	21.75	5.79	1780.89	6296.6
1		06/18/2023	06:12:33	21.85	5.71	1787.19	6301.66
1		06/18/2023	06:12:34	21.95	5.63	1793.5	6306.66
1		06/18/2023	06:12:35	22.04	5.56	1799.81	6311.6
1		06/18/2023	06:12:36	22.13	5.48	1806.12	6316.49
1		06/18/2023	06:12:37	22.23	5.41	1812.44	6321.31
1		06/18/2023	06:12:38	22.32	5.33	1818.76	6326.08
1		06/18/2023	06:12:39	22.41	5.25	1825.09	6330.78
1		06/18/2023	06:12:40	22.5	5.18	1831.42	6335.44
1		06/18/2023	06:12:41	22.59	5.1	1837.76	6340.03
1		06/18/2023	06:12:42	22.68	5.03	1844.1	6344.57
1		06/18/2023	06:12:43	22.77	4.96	1850.45	6349.06
1		06/18/2023	06:12:44	22.86	4.88	1856.8	6353.49
1		06/18/2023	06:12:45	22.95	4.81	1863.16	6357.87
1		06/18/2023	06:12:46	23.04	4.73	1869.52	6362.2
1		06/18/2023	06:12:47	23.12	4.66	1875.88	6366.47
1		06/18/2023	06:12:48	23.21	4.59	1882.25	6370.7
1		06/18/2023	06:12:49	23.29	4.52	1888.62	6374.87
1		06/18/2023	06:12:50	23.38	4.44	1895.0	6379.0
1		06/18/2023	06:12:51	23.46	4.37	1901.38	6383.07
1		06/18/2023	06:12:52	23.55	4.3	1907.77	6387.1
1		06/18/2023	06:12:53	23.63	4.23	1914.16	6391.07
1		06/18/2023	06:12:54	23.71	4.16	1920.55	6395.0
1		06/18/2023	06:12:55	23.8	4.08	1926.94	6398.89
1		06/18/2023	06:12:56	23.88	4.01	1933.35	6402.73
1		06/18/2023	06:12:57	23.96	3.94	1939.75	6406.52
1		06/18/2023	06:12:58	24.04	3.87	1946.16	6410.26
1		06/18/2023	06:12:59	24.12	3.8	1952.57	6413.96
1		06/18/2023	06:13:00	24.2	3.73	1958.99	6417.62
1		06/18/2023	06:13:01	24.28	3.66	1965.41	6421.23
1		06/18/2023	06:13:02	24.36	3.59	1971.83	6424.8
1		06/18/2023	06:13:03	24.44	3.52	1978.26	6428.33
1		06/18/2023	06:13:04	24.51	3.45	1984.69	6431.82
1		06/18/2023	06:13:05	24.59	3.38	1991.12	6435.26
1		06/18/2023	06:13:06	24.67	3.32	1997.56	6438.66
1		06/18/2023	06:13:07	24.74	3.25	2004.0	6442.03
1		06/18/2023	06:13:08	24.82	3.18	2010.44	6445.35
1		06/18/2023	06:13:09	24.9	3.11	2016.89	6448.63
1		06/18/2023	06:13:10	24.97	3.04	2023.34	6451.87
1		06/18/2023	06:13:11	25.04	2.98	2029.79	6455.08
1		06/18/2023	06:13:12	25.12	2.91	2036.25	6458.25
1		06/18/2023	06:13:13	25.19	2.84	2042.71	6461.37
1		06/18/2023	06:13:14	25.26	2.78	2049.17	6464.46
1		06/18/2023	06:13:15	25.34	2.71	2055.64	6467.52
1		06/18/2023	06:13:16	25.41	2.64	2062.11	6470.53
1		06/18/2023	06:13:17	25.48	2.58	2068.58	6473.52
1		06/18/2023	06:13:18	25.55	2.51	2075.05	6476.46
1		06/18/2023	06:13:19	25.62	2.44	2081.53	6479.37
1		06/18/2023	06:13:20	25.69	2.38	2088.01	6482.25
1		06/18/2023	06:13:21	25.76	2.31	2094.49	6485.09
1		06/18/2023	06:13:22	25.83	2.25	2100.98	6487.89
1		06/18/2023	06:13:23	25.9	2.18	2107.47	6490.66
1		06/18/2023	06:13:24	25.97	2.12	2113.96	6493.4
1		06/18/2023	06:13:25	26.04	2.05	2120.46	6496.11
1		06/18/2023	06:13:26	26.11	1.99	2126.95	6498.78
1		06/18/2023	06:13:27	26.17	1.92	2133.45	6501.42
1		06/18/2023	06:13:28	26.24	1.86	2139.96	6504.03
1		06/18/2023	06:13:29	26.31	1.8	2146.46	6506.61
1		06/18/2023	06:13:30	26.37	1.73	2152.97	6509.15
1		06/18/2023	06:13:31	26.44	1.67	2159.48	6511.67
1		06/18/2023	06:13:32	26.5	1.61	2165.99	6514.15
1		06/18/2023	06:13:33	26.57	1.54	2172.51	6516.61
1		06/18/2023	06:13:34	26.63	1.48	2179.03	6519.03
1		06/18/2023	06:13:35	26.7	1.42	2185.55	6521.42
1		06/18/2023	06:13:36	26.76	1.35	2192.07	6523.79
1		06/18/2023	06:13:37	26.83	1.29	2198.59	6526.13
1		06/18/2023	06:13:38	26.89	1.23	2205.12	6528.43
1		06/18/2023	06:13:39	26.95	1.17	2211.65	6530.71
1		06/18/2023	06:13:40	27.01	1.11	2218.18	6532.96
1		06/18/2023	06:13:41	27.08	1.04	2224.72	6535.19
1		06/18/2023	06:13:42	27.14	0.98	2231.25	6537.38
1		06/18/2023	06:13:43	27.2	0.92	2237.79	6539.55
1		06/18/2023	06:13:44	27.26	0.86	2244.33	6541.69
1		06/18/2023	06:13:45	27.32	0.8	2250.88	6543.81
1		06/18/2023	06:13:46	27.38	0.74	2257.42	6545.9
1		06/18/2023	06:13:47	27.44	0.68	2263.97	6547.96
1		06/18/2023	06:13:48	27.5	0.62	2270.52	6550.0
1		06/18/2023	06:13:49	27.56	0.56	2277.07	6552.01
1		06/18/2023	06:13:50	27.62	0.49	2283.62	6553.99
1		06/18/2023	06:13:51	27.68	0.43	2290.18	6555.95
1		06/18/2023	06:13:52	27.74	0.37	2296.73	6557.89
1		06/18/2023	06:13:53	27.8	0.32	2303.29	6559.8
1		06/18/2023	06:13:54	27.85	0.26	2309.85	6561.69
1		06/18/2023	06:13:55	27.91	0.2	2316.41	6563.55
1		06/18/2023	06:13:56	27.97	0.14	2322.98	6565.39
1		06/18/2023	06:13:57	28.03	0.08	2329.55	6567.21
1		06/18/2023	06:13:58	28.08	0.02	2336.11	6569.0
1	LOS	06/18/2023	06:13:58	28.1	-0.0	2338.15	6569.56
