,group,event,date,time,azim,elev,distance,radialvelocity
0,1,AOS,06/18/2023,06:03:36,239.76,0.0,2331.97,-6586.48
1,1,,06/18/2023,06:03:38,239.83,0.08,2323.26,-6583.99
2,1,,06/18/2023,06:03:40,239.95,0.2,2310.09,-6580.14
3,1,,06/18/2023,06:03:42,240.06,0.32,2296.94,-6576.21
4,1,,06/18/2023,06:03:44,240.17,0.44,2283.79,-6572.17
5,1,,06/18/2023,06:03:46,240.29,0.56,2270.65,-6568.03
6,1,,06/18/2023,06:03:48,240.41,0.68,2257.52,-6563.79
7,1,,06/18/2023,06:03:50,240.53,0.8,2244.39,-6559.44
8,1,,06/18/2023,06:03:52,240.65,0.93,2231.28,-6554.99
9,1,,06/18/2023,06:03:54,240.77,1.05,2218.17,-6550.43
10,1,,06/18/2023,06:03:56,240.89,1.17,2205.08,-6545.75
11,1,,06/18/2023,06:03:58,241.02,1.3,2191.99,-6540.97
12,1,,06/18/2023,06:04:00,241.14,1.43,2178.91,-6536.06
13,1,,06/18/2023,06:04:02,241.27,1.55,2165.85,-6531.04
14,1,,06/18/2023,06:04:04,241.4,1.68,2152.79,-6525.89
15,1,,06/18/2023,06:04:06,241.53,1.81,2139.74,-6520.62
16,1,,06/18/2023,06:04:08,241.66,1.94,2126.71,-6515.22
17,1,,06/18/2023,06:04:10,241.8,2.07,2113.68,-6509.7
18,1,,06/18/2023,06:04:12,241.93,2.2,2100.67,-6504.04
19,1,,06/18/2023,06:04:14,242.07,2.33,2087.67,-6498.24
20,1,,06/18/2023,06:04:16,242.21,2.46,2074.68,-6492.3
21,1,,06/18/2023,06:04:18,242.35,2.59,2061.7,-6486.22
22,1,,06/18/2023,06:04:20,242.49,2.73,2048.73,-6480.0
23,1,,06/18/2023,06:04:22,242.64,2.86,2035.78,-6473.63
24,1,,06/18/2023,06:04:24,242.78,3.0,2022.84,-6467.1
25,1,,06/18/2023,06:04:26,242.93,3.13,2009.91,-6460.42
26,1,,06/18/2023,06:04:28,243.08,3.27,1997.0,-6453.58
27,1,,06/18/2023,06:04:30,243.23,3.41,1984.1,-6446.58
28,1,,06/18/2023,06:04:32,243.39,3.55,1971.21,-6439.41
29,1,,06/18/2023,06:04:34,243.54,3.68,1958.34,-6432.06
30,1,,06/18/2023,06:04:36,243.7,3.83,1945.48,-6424.54
31,1,,06/18/2023,06:04:38,243.86,3.97,1932.64,-6416.85
32,1,,06/18/2023,06:04:40,244.02,4.11,1919.81,-6408.96
33,1,,06/18/2023,06:04:42,244.19,4.25,1907.0,-6400.89
34,1,,06/18/2023,06:04:44,244.36,4.4,1894.21,-6392.63
35,1,,06/18/2023,06:04:46,244.53,4.54,1881.43,-6384.16
36,1,,06/18/2023,06:04:48,244.7,4.69,1868.67,-6375.5
37,1,,06/18/2023,06:04:50,244.87,4.84,1855.93,-6366.62
38,1,,06/18/2023,06:04:52,245.05,4.99,1843.21,-6357.53
39,1,,06/18/2023,06:04:54,245.23,5.14,1830.5,-6348.22
40,1,,06/18/2023,06:04:56,245.41,5.29,1817.81,-6338.69
41,1,,06/18/2023,06:04:58,245.59,5.44,1805.15,-6328.93
42,1,,06/18/2023,06:05:00,245.78,5.59,1792.5,-6318.93
43,1,,06/18/2023,06:05:02,245.97,5.75,1779.87,-6308.69
44,1,,06/18/2023,06:05:04,246.16,5.9,1767.26,-6298.2
45,1,,06/18/2023,06:05:06,246.36,6.06,1754.68,-6287.45
46,1,,06/18/2023,06:05:08,246.55,6.22,1742.11,-6276.44
47,1,,06/18/2023,06:05:10,246.75,6.38,1729.57,-6265.16
48,1,,06/18/2023,06:05:12,246.96,6.54,1717.05,-6253.61
49,1,,06/18/2023,06:05:14,247.17,6.7,1704.56,-6241.77
50,1,,06/18/2023,06:05:16,247.38,6.86,1692.09,-6229.64
51,1,,06/18/2023,06:05:18,247.59,7.03,1679.64,-6217.22
52,1,,06/18/2023,06:05:20,247.81,7.19,1667.22,-6204.48
53,1,,06/18/2023,06:05:22,248.03,7.36,1654.82,-6191.43
54,1,,06/18/2023,06:05:24,248.25,7.53,1642.45,-6178.06
55,1,,06/18/2023,06:05:26,248.48,7.7,1630.11,-6164.35
56,1,,06/18/2023,06:05:28,248.71,7.87,1617.8,-6150.3
57,1,,06/18/2023,06:05:30,248.94,8.04,1605.51,-6135.89
58,1,,06/18/2023,06:05:32,249.18,8.22,1593.25,-6121.13
59,1,,06/18/2023,06:05:34,249.42,8.39,1581.03,-6105.99
60,1,,06/18/2023,06:05:36,249.67,8.57,1568.83,-6090.47
61,1,,06/18/2023,06:05:38,249.92,8.75,1556.66,-6074.56
62,1,,06/18/2023,06:05:40,250.17,8.93,1544.53,-6058.24
63,1,,06/18/2023,06:05:42,250.43,9.11,1532.43,-6041.51
64,1,,06/18/2023,06:05:44,250.69,9.29,1520.37,-6024.35
65,1,,06/18/2023,06:05:46,250.96,9.48,1508.33,-6006.75
66,1,,06/18/2023,06:05:48,251.23,9.67,1496.34,-5988.7
67,1,,06/18/2023,06:05:50,251.51,9.85,1484.38,-5970.18
68,1,,06/18/2023,06:05:52,251.79,10.04,1472.46,-5951.18
69,1,,06/18/2023,06:05:54,252.07,10.24,1460.58,-5931.69
70,1,,06/18/2023,06:05:56,252.36,10.43,1448.73,-5911.69
71,1,,06/18/2023,06:05:58,252.66,10.62,1436.93,-5891.17
72,1,,06/18/2023,06:06:00,252.96,10.82,1425.17,-5870.11
73,1,,06/18/2023,06:06:02,253.27,11.02,1413.45,-5848.5
74,1,,06/18/2023,06:06:04,253.58,11.22,1401.77,-5826.32
75,1,,06/18/2023,06:06:06,253.9,11.42,1390.14,-5803.56
76,1,,06/18/2023,06:06:08,254.22,11.63,1378.56,-5780.19
77,1,,06/18/2023,06:06:10,254.55,11.83,1367.02,-5756.2
78,1,,06/18/2023,06:06:12,254.89,12.04,1355.54,-5731.56
79,1,,06/18/2023,06:06:14,255.23,12.25,1344.1,-5706.28
80,1,,06/18/2023,06:06:16,255.58,12.46,1332.71,-5680.31
81,1,,06/18/2023,06:06:18,255.93,12.68,1321.38,-5653.64
82,1,,06/18/2023,06:06:20,256.29,12.89,1310.1,-5626.26
83,1,,06/18/2023,06:06:22,256.66,13.11,1298.87,-5598.14
84,1,,06/18/2023,06:06:24,257.03,13.33,1287.7,-5569.26
85,1,,06/18/2023,06:06:26,257.42,13.55,1276.6,-5539.59
86,1,,06/18/2023,06:06:28,257.81,13.78,1265.55,-5509.11
87,1,,06/18/2023,06:06:30,258.2,14.0,1254.56,-5477.81
88,1,,06/18/2023,06:06:32,258.61,14.23,1243.64,-5445.65
89,1,,06/18/2023,06:06:34,259.02,14.46,1232.78,-5412.6
90,1,,06/18/2023,06:06:36,259.44,14.69,1221.99,-5378.66
91,1,,06/18/2023,06:06:38,259.87,14.92,1211.26,-5343.78
92,1,,06/18/2023,06:06:40,260.31,15.16,1200.61,-5307.94
93,1,,06/18/2023,06:06:42,260.75,15.4,1190.03,-5271.12
94,1,,06/18/2023,06:06:44,261.21,15.63,1179.53,-5233.28
95,1,,06/18/2023,06:06:46,261.67,15.88,1169.1,-5194.4
96,1,,06/18/2023,06:06:48,262.15,16.12,1158.75,-5154.44
97,1,,06/18/2023,06:06:50,262.63,16.36,1148.48,-5113.38
98,1,,06/18/2023,06:06:52,263.13,16.61,1138.3,-5071.19
99,1,,06/18/2023,06:06:54,263.63,16.86,1128.2,-5027.83
100,1,,06/18/2023,06:06:56,264.14,17.11,1118.19,-4983.28
101,1,,06/18/2023,06:06:58,264.67,17.36,1108.27,-4937.49
102,1,,06/18/2023,06:07:00,265.2,17.62,1098.44,-4890.45
103,1,,06/18/2023,06:07:02,265.75,17.87,1088.71,-4842.11
104,1,,06/18/2023,06:07:04,266.31,18.13,1079.07,-4792.44
105,1,,06/18/2023,06:07:06,266.88,18.39,1069.54,-4741.42
106,1,,06/18/2023,06:07:08,267.46,18.65,1060.11,-4688.99
107,1,,06/18/2023,06:07:10,268.05,18.91,1050.78,-4635.14
108,1,,06/18/2023,06:07:12,268.66,19.17,1041.57,-4579.82
109,1,,06/18/2023,06:07:14,269.28,19.43,1032.46,-4523.0
110,1,,06/18/2023,06:07:16,269.91,19.7,1023.48,-4464.66
111,1,,06/18/2023,06:07:18,270.55,19.96,1014.61,-4404.74
112,1,,06/18/2023,06:07:20,271.21,20.23,1005.86,-4343.23
113,1,,06/18/2023,06:07:22,271.88,20.49,997.23,-4280.08
114,1,,06/18/2023,06:07:24,272.57,20.76,988.74,-4215.27
115,1,,06/18/2023,06:07:26,273.27,21.03,980.37,-4148.76
116,1,,06/18/2023,06:07:28,273.98,21.29,972.14,-4080.53
117,1,,06/18/2023,06:07:30,274.71,21.56,964.05,-4010.54
118,1,,06/18/2023,06:07:32,275.45,21.83,956.1,-3938.76
119,1,,06/18/2023,06:07:34,276.21,22.09,948.3,-3865.17
120,1,,06/18/2023,06:07:36,276.99,22.36,940.64,-3789.74
121,1,,06/18/2023,06:07:38,277.78,22.62,933.14,-3712.46
122,1,,06/18/2023,06:07:40,278.58,22.88,925.8,-3633.29
123,1,,06/18/2023,06:07:42,279.4,23.14,918.61,-3552.22
124,1,,06/18/2023,06:07:44,280.24,23.4,911.59,-3469.23
125,1,,06/18/2023,06:07:46,281.09,23.66,904.73,-3384.32
126,1,,06/18/2023,06:07:48,281.96,23.91,898.05,-3297.46
127,1,,06/18/2023,06:07:50,282.85,24.16,891.55,-3208.66
128,1,,06/18/2023,06:07:52,283.75,24.41,885.22,-3117.9
129,1,,06/18/2023,06:07:54,284.67,24.65,879.08,-3025.2
130,1,,06/18/2023,06:07:56,285.6,24.89,873.12,-2930.55
131,1,,06/18/2023,06:07:58,286.55,25.12,867.35,-2833.97
132,1,,06/18/2023,06:08:00,287.52,25.35,861.78,-2735.46
133,1,,06/18/2023,06:08:02,288.5,25.58,856.41,-2635.05
134,1,,06/18/2023,06:08:04,289.5,25.8,851.25,-2532.76
135,1,,06/18/2023,06:08:06,290.51,26.01,846.28,-2428.62
136,1,,06/18/2023,06:08:08,291.54,26.21,841.53,-2322.66
137,1,,06/18/2023,06:08:10,292.59,26.41,836.99,-2214.92
138,1,,06/18/2023,06:08:12,293.65,26.61,832.67,-2105.46
139,1,,06/18/2023,06:08:14,294.72,26.79,828.57,-1994.31
140,1,,06/18/2023,06:08:16,295.81,26.97,824.7,-1881.54
141,1,,06/18/2023,06:08:18,296.91,27.13,821.05,-1767.21
142,1,,06/18/2023,06:08:20,298.02,27.29,817.63,-1651.4
143,1,,06/18/2023,06:08:22,299.14,27.44,814.44,-1534.16
144,1,,06/18/2023,06:08:24,300.28,27.58,811.49,-1415.59
145,1,,06/18/2023,06:08:26,301.43,27.71,808.78,-1295.77
146,1,,06/18/2023,06:08:28,302.59,27.82,806.31,-1174.79
147,1,,06/18/2023,06:08:30,303.75,27.93,804.08,-1052.74
148,1,,06/18/2023,06:08:32,304.93,28.03,802.1,-929.73
149,1,,06/18/2023,06:08:34,306.11,28.11,800.37,-805.86
150,1,,06/18/2023,06:08:36,307.3,28.18,798.88,-681.24
151,1,,06/18/2023,06:08:38,308.49,28.25,797.64,-555.98
152,1,,06/18/2023,06:08:40,309.69,28.29,796.65,-430.2
153,1,,06/18/2023,06:08:42,310.89,28.33,795.92,-304.01
154,1,,06/18/2023,06:08:44,312.1,28.35,795.44,-177.53
155,1,,06/18/2023,06:08:46,313.3,28.37,795.21,-50.89
156,1,MAX,06/18/2023,06:08:46,313.84,28.37,795.19,5.98
157,1,,06/18/2023,06:08:48,314.51,28.37,795.24,75.8
158,1,,06/18/2023,06:08:50,315.71,28.35,795.51,202.41
159,1,,06/18/2023,06:08:52,316.92,28.33,796.04,328.83
160,1,,06/18/2023,06:08:54,318.12,28.29,796.83,454.93
161,1,,06/18/2023,06:08:56,319.32,28.24,797.86,580.59
162,1,,06/18/2023,06:08:58,320.51,28.18,799.15,705.7
163,1,,06/18/2023,06:09:00,321.7,28.1,800.69,830.13
164,1,,06/18/2023,06:09:02,322.88,28.02,802.47,953.8
165,1,,06/18/2023,06:09:04,324.05,27.92,804.5,1076.57
166,1,,06/18/2023,06:09:06,325.22,27.81,806.78,1198.35
167,1,,06/18/2023,06:09:08,326.37,27.69,809.29,1319.05
168,1,,06/18/2023,06:09:10,327.52,27.56,812.05,1438.56
169,1,,06/18/2023,06:09:12,328.65,27.43,815.05,1556.8
170,1,,06/18/2023,06:09:14,329.78,27.28,818.28,1673.68
171,1,,06/18/2023,06:09:16,330.89,27.12,821.74,1789.12
172,1,,06/18/2023,06:09:18,331.98,26.95,825.43,1903.06
173,1,,06/18/2023,06:09:20,333.07,26.77,829.35,2015.41
174,1,,06/18/2023,06:09:22,334.14,26.59,833.49,2126.13
175,1,,06/18/2023,06:09:24,335.2,26.4,837.86,2235.15
176,1,,06/18/2023,06:09:26,336.24,26.2,842.43,2342.43
177,1,,06/18/2023,06:09:28,337.27,25.99,847.22,2447.92
178,1,,06/18/2023,06:09:30,338.28,25.78,852.22,2551.58
179,1,,06/18/2023,06:09:32,339.27,25.56,857.43,2653.39
180,1,,06/18/2023,06:09:34,340.25,25.33,862.84,2753.3
181,1,,06/18/2023,06:09:36,341.22,25.1,868.44,2851.3
182,1,,06/18/2023,06:09:38,342.16,24.87,874.24,2947.38
183,1,,06/18/2023,06:09:40,343.1,24.63,880.23,3041.51
184,1,,06/18/2023,06:09:42,344.01,24.39,886.4,3133.7
185,1,,06/18/2023,06:09:44,344.91,24.14,892.76,3223.93
186,1,,06/18/2023,06:09:46,345.79,23.89,899.3,3312.21
187,1,,06/18/2023,06:09:48,346.66,23.64,906.01,3398.55
188,1,,06/18/2023,06:09:50,347.51,23.38,912.89,3482.94
189,1,,06/18/2023,06:09:52,348.35,23.12,919.94,3565.41
190,1,,06/18/2023,06:09:54,349.16,22.86,927.15,3645.96
191,1,,06/18/2023,06:09:56,349.97,22.6,934.52,3724.61
192,1,,06/18/2023,06:09:58,350.75,22.34,942.05,3801.38
193,1,,06/18/2023,06:10:00,351.53,22.08,949.73,3876.3
194,1,,06/18/2023,06:10:02,352.28,21.81,957.55,3949.38
195,1,,06/18/2023,06:10:04,353.02,21.55,965.52,4020.66
196,1,,06/18/2023,06:10:06,353.75,21.28,973.63,4090.15
197,1,,06/18/2023,06:10:08,354.46,21.01,981.88,4157.9
198,1,,06/18/2023,06:10:10,355.16,20.75,990.26,4223.92
199,1,,06/18/2023,06:10:12,355.84,20.48,998.78,4288.25
200,1,,06/18/2023,06:10:14,356.51,20.22,1007.42,4350.92
201,1,,06/18/2023,06:10:16,357.17,19.95,1016.18,4411.97
202,1,,06/18/2023,06:10:18,357.81,19.69,1025.06,4471.42
203,1,,06/18/2023,06:10:20,358.44,19.43,1034.06,4529.32
204,1,,06/18/2023,06:10:22,359.06,19.16,1043.18,4585.69
205,1,,06/18/2023,06:10:24,359.66,18.9,1052.41,4640.56
206,1,,06/18/2023,06:10:26,0.26,18.64,1061.74,4693.99
207,1,,06/18/2023,06:10:28,0.83,18.38,1071.18,4745.98
208,1,,06/18/2023,06:10:30,1.4,18.13,1080.72,4796.59
209,1,,06/18/2023,06:10:32,1.96,17.87,1090.37,4845.85
210,1,,06/18/2023,06:10:34,2.5,17.61,1100.11,4893.78
211,1,,06/18/2023,06:10:36,3.04,17.36,1109.94,4940.43
212,1,,06/18/2023,06:10:38,3.56,17.11,1119.87,4985.82
213,1,,06/18/2023,06:10:40,4.08,16.86,1129.88,5029.99
214,1,,06/18/2023,06:10:42,4.58,16.61,1139.99,5072.97
215,1,,06/18/2023,06:10:44,5.07,16.37,1150.17,5114.79
216,1,,06/18/2023,06:10:46,5.55,16.12,1160.44,5155.48
217,1,,06/18/2023,06:10:48,6.03,15.88,1170.79,5195.08
218,1,,06/18/2023,06:10:50,6.49,15.64,1181.22,5233.61
219,1,,06/18/2023,06:10:52,6.94,15.4,1191.73,5271.1
220,1,,06/18/2023,06:10:54,7.39,15.17,1202.31,5307.58
221,1,,06/18/2023,06:10:56,7.83,14.93,1212.96,5343.08
222,1,,06/18/2023,06:10:58,8.26,14.7,1223.68,5377.63
223,1,,06/18/2023,06:11:00,8.68,14.47,1234.47,5411.26
224,1,,06/18/2023,06:11:02,9.09,14.24,1245.32,5443.98
225,1,,06/18/2023,06:11:04,9.49,14.01,1256.24,5475.83
226,1,,06/18/2023,06:11:06,9.89,13.79,1267.23,5506.83
227,1,,06/18/2023,06:11:08,10.28,13.56,1278.27,5537.0
228,1,,06/18/2023,06:11:10,10.66,13.34,1289.37,5566.37
229,1,,06/18/2023,06:11:12,11.04,13.13,1300.53,5594.96
230,1,,06/18/2023,06:11:14,11.4,12.91,1311.75,5622.8
231,1,,06/18/2023,06:11:16,11.76,12.69,1323.03,5649.9
232,1,,06/18/2023,06:11:18,12.12,12.48,1334.35,5676.28
233,1,,06/18/2023,06:11:20,12.47,12.27,1345.73,5701.97
234,1,,06/18/2023,06:11:22,12.81,12.06,1357.16,5726.99
235,1,,06/18/2023,06:11:24,13.14,11.85,1368.64,5751.36
236,1,,06/18/2023,06:11:26,13.47,11.65,1380.16,5775.09
237,1,,06/18/2023,06:11:28,13.8,11.44,1391.74,5798.2
238,1,,06/18/2023,06:11:30,14.12,11.24,1403.36,5820.71
239,1,,06/18/2023,06:11:32,14.43,11.04,1415.02,5842.64
240,1,,06/18/2023,06:11:34,14.73,10.84,1426.73,5864.01
241,1,,06/18/2023,06:11:36,15.04,10.65,1438.48,5884.82
242,1,,06/18/2023,06:11:38,15.33,10.45,1450.27,5905.1
243,1,,06/18/2023,06:11:40,15.62,10.26,1462.1,5924.86
244,1,,06/18/2023,06:11:42,15.91,10.07,1473.96,5944.12
245,1,,06/18/2023,06:11:44,16.19,9.88,1485.87,5962.89
246,1,,06/18/2023,06:11:46,16.47,9.69,1497.82,5981.18
247,1,,06/18/2023,06:11:48,16.74,9.51,1509.8,5999.01
248,1,,06/18/2023,06:11:50,17.01,9.32,1521.81,6016.39
249,1,,06/18/2023,06:11:52,17.27,9.14,1533.86,6033.33
250,1,,06/18/2023,06:11:54,17.53,8.96,1545.94,6049.85
251,1,,06/18/2023,06:11:56,17.79,8.78,1558.06,6065.95
252,1,,06/18/2023,06:11:58,18.04,8.6,1570.21,6081.65
253,1,,06/18/2023,06:12:00,18.28,8.42,1582.39,6096.96
254,1,,06/18/2023,06:12:02,18.53,8.25,1594.6,6111.89
255,1,,06/18/2023,06:12:04,18.77,8.08,1606.83,6126.45
256,1,,06/18/2023,06:12:06,19.0,7.9,1619.1,6140.65
257,1,,06/18/2023,06:12:08,19.23,7.73,1631.4,6154.5
258,1,,06/18/2023,06:12:10,19.46,7.56,1643.72,6168.02
259,1,,06/18/2023,06:12:12,19.69,7.4,1656.07,6181.19
260,1,,06/18/2023,06:12:14,19.91,7.23,1668.44,6194.05
261,1,,06/18/2023,06:12:16,20.12,7.06,1680.84,6206.6
262,1,,06/18/2023,06:12:18,20.34,6.9,1693.27,6218.83
263,1,,06/18/2023,06:12:20,20.55,6.74,1705.72,6230.77
264,1,,06/18/2023,06:12:22,20.76,6.58,1718.19,6242.43
265,1,,06/18/2023,06:12:24,20.96,6.42,1730.69,6253.8
266,1,,06/18/2023,06:12:26,21.17,6.26,1743.21,6264.89
267,1,,06/18/2023,06:12:28,21.36,6.1,1755.75,6275.72
268,1,,06/18/2023,06:12:30,21.56,5.94,1768.31,6286.28
269,1,,06/18/2023,06:12:32,21.75,5.79,1780.89,6296.6
270,1,,06/18/2023,06:12:34,21.95,5.63,1793.5,6306.66
271,1,,06/18/2023,06:12:36,22.13,5.48,1806.12,6316.49
272,1,,06/18/2023,06:12:38,22.32,5.33,1818.76,6326.08
273,1,,06/18/2023,06:12:40,22.5,5.18,1831.42,6335.44
274,1,,06/18/2023,06:12:42,22.68,5.03,1844.1,6344.57
275,1,,06/18/2023,06:12:44,22.86,4.88,1856.8,6353.49
276,1,,06/18/2023,06:12:46,23.04,4.73,1869.52,6362.2
277,1,,06/18/2023,06:12:48,23.21,4.59,1882.25,6370.7
278,1,,06/18/2023,06:12:50,23.38,4.44,1895.0,6379.0
279,1,,06/18/2023,06:12:52,23.55,4.3,1907.77,6387.1
280,1,,06/18/2023,06:12:54,23.71,4.16,1920.55,6395.0
281,1,,06/18/2023,06:12:56,23.88,4.01,1933.35,6402.73
282,1,,06/18/2023,06:12:58,24.04,3.87,1946.16,6410.26
283,1,,06/18/2023,06:13:00,24.2,3.73,1958.99,6417.62
284,1,,06/18/2023,06:13:02,24.36,3.59,1971.83,6424.8
285,1,,06/18/2023,06:13:04,24.51,3.45,1984.69,6431.82
286,1,,06/18/2023,06:13:06,24.67,3.32,1997.56,6438.66
287,1,,06/18/2023,06:13:08,24.82,3.18,2010.44,6445.35
288,1,,06/18/2023,06:13:10,24.97,3.04,2023.34,6451.87
289,1,,06/18/2023,06:13:12,25.12,2.91,2036.25,6458.25
290,1,,06/18/2023,06:13:14,25.26,2.78,2049.17,6464.46
291,1,,06/18/2023,06:13:16,25.41,2.64,2062.11,6470.53
292,1,,06/18/2023,06:13:18,25.55,2.51,2075.05,6476.46
293,1,,06/18/2023,06:13:20,25.69,2.38,2088.01,6482.25
294,1,,06/18/2023,06:13:22,25.83,2.25,2100.98,6487.89
295,1,,06/18/2023,06:13:24,25.97,2.12,2113.96,6493.4
296,1,,06/18/2023,06:13:26,26.11,1.99,2126.95,6498.78
297,1,,06/18/2023,06:13:28,26.24,1.86,2139.96,6504.03
298,1,,06/18/2023,06:13:30,26.37,1.73,2152.97,6509.15
299,1,,06/18/2023,06:13:32,26.5,1.61,2165.99,6514.15
300,1,,06/18/2023,06:13:34,26.63,1.48,2179.03,6519.03
301,1,,06/18/2023,06:13:36,26.76,1.35,2192.07,6523.79
302,1,,06/18/2023,06:13:38,26.89,1.23,2205.12,6528.43
303,1,,06/18/2023,06:13:40,27.01,1.11,2218.18,6532.96
304,1,,06/18/2023,06:13:42,27.14,0.98,2231.25,6537.38
305,1,,06/18/2023,06:13:44,27.26,0.86,2244.33,6541.69
306,1,,06/18/2023,06:13:46,27.38,0.74,2257.42,6545.9
307,1,,06/18/2023,06:13:48,27.5,0.62,2270.52,6550.0
308,1,,06/18/2023,06:13:50,27.62,0.49,2283.62,6553.99
309,1,,06/18/2023,06:13:52,27.74,0.37,2296.73,6557.89
310,1,,06/18/2023,06:13:54,27.85,0.26,2309.85,6561.69
311,1,,06/18/2023,06:13:56,27.97,0.14,2322.98,6565.39
312,1,,06/18/2023,06:13:58,28.08,0.02,2336.11,6569.0
313,1,LOS,06/18/2023,06:13:58,28.1,-0.0,2338.15,6569.56
314,2,AOS,06/18/2023,07:45:05,314.97,0.0,2337.35,-1474.79
315,2,,06/18/2023,07:45:06,315.13,0.01,2335.96,-1456.8
316,2,,06/18/2023,07:45:08,315.49,0.04,2333.08,-1418.78
317,2,,06/18/2023,07:45:10,315.84,0.06,2330.28,-1380.61
318,2,,06/18/2023,07:45:12,316.2,0.09,2327.56,-1342.3
319,2,,06/18/2023,07:45:14,316.55,0.11,2324.91,-1303.86
320,2,,06/18/2023,07:45:16,316.91,0.14,2322.34,-1265.28
321,2,,06/18/2023,07:45:18,317.27,0.16,2319.85,-1226.58
322,2,,06/18/2023,07:45:20,317.63,0.18,2317.44,-1187.74
323,2,,06/18/2023,07:45:22,317.98,0.2,2315.1,-1148.79
324,2,,06/18/2023,07:45:24,318.34,0.22,2312.84,-1109.72
325,2,,06/18/2023,07:45:26,318.7,0.24,2310.66,-1070.53
326,2,,06/18/2023,07:45:28,319.07,0.26,2308.56,-1031.23
327,2,,06/18/2023,07:45:30,319.43,0.28,2306.54,-991.82
328,2,,06/18/2023,07:45:32,319.79,0.3,2304.59,-952.31
329,2,,06/18/2023,07:45:34,320.15,0.32,2302.73,-912.7
330,2,,06/18/2023,07:45:36,320.52,0.33,2300.94,-872.99
331,2,,06/18/2023,07:45:38,320.88,0.35,2299.24,-833.19
332,2,,06/18/2023,07:45:40,321.25,0.36,2297.61,-793.3
333,2,,06/18/2023,07:45:42,321.61,0.38,2296.06,-753.33
334,2,,06/18/2023,07:45:44,321.98,0.39,2294.6,-713.28
335,2,,06/18/2023,07:45:46,322.34,0.4,2293.21,-673.15
336,2,,06/18/2023,07:45:48,322.71,0.42,2291.9,-632.96
337,2,,06/18/2023,07:45:50,323.08,0.43,2290.68,-592.69
338,2,,06/18/2023,07:45:52,323.44,0.44,2289.53,-552.36
339,2,,06/18/2023,07:45:54,323.81,0.45,2288.47,-511.98
340,2,,06/18/2023,07:45:56,324.18,0.46,2287.49,-471.54
341,2,,06/18/2023,07:45:58,324.55,0.46,2286.58,-431.05
342,2,,06/18/2023,07:46:00,324.92,0.47,2285.76,-390.51
343,2,,06/18/2023,07:46:02,325.28,0.48,2285.02,-349.94
344,2,,06/18/2023,07:46:04,325.65,0.49,2284.36,-309.33
345,2,,06/18/2023,07:46:06,326.02,0.49,2283.78,-268.68
346,2,,06/18/2023,07:46:08,326.39,0.5,2283.29,-228.01
347,2,,06/18/2023,07:46:10,326.76,0.5,2282.87,-187.32
348,2,,06/18/2023,07:46:12,327.13,0.5,2282.54,-146.6
349,2,,06/18/2023,07:46:14,327.5,0.51,2282.29,-105.88
350,2,,06/18/2023,07:46:16,327.87,0.51,2282.11,-65.14
351,2,,06/18/2023,07:46:18,328.24,0.51,2282.02,-24.4
352,2,MAX,06/18/2023,07:46:19,328.53,0.51,2282.01,7.34
353,2,,06/18/2023,07:46:20,328.61,0.51,2282.02,16.34
354,2,,06/18/2023,07:46:22,328.98,0.51,2282.09,57.08
355,2,,06/18/2023,07:46:24,329.35,0.51,2282.24,97.8
356,2,,06/18/2023,07:46:26,329.72,0.5,2282.48,138.52
357,2,,06/18/2023,07:46:28,330.09,0.5,2282.8,179.21
358,2,,06/18/2023,07:46:30,330.46,0.5,2283.2,219.89
359,2,,06/18/2023,07:46:32,330.83,0.49,2283.68,260.53
360,2,,06/18/2023,07:46:34,331.2,0.49,2284.24,301.15
361,2,,06/18/2023,07:46:36,331.57,0.48,2284.88,341.73
362,2,,06/18/2023,07:46:38,331.93,0.48,2285.61,382.26
363,2,,06/18/2023,07:46:40,332.3,0.47,2286.41,422.76
364,2,,06/18/2023,07:46:42,332.67,0.46,2287.3,463.2
365,2,,06/18/2023,07:46:44,333.04,0.45,2288.26,503.59
366,2,,06/18/2023,07:46:46,333.41,0.44,2289.31,543.92
367,2,,06/18/2023,07:46:48,333.77,0.43,2290.44,584.19
368,2,,06/18/2023,07:46:50,334.14,0.42,2291.65,624.4
369,2,,06/18/2023,07:46:52,334.51,0.41,2292.94,664.53
370,2,,06/18/2023,07:46:54,334.87,0.4,2294.31,704.58
371,2,,06/18/2023,07:46:56,335.24,0.38,2295.76,744.56
372,2,,06/18/2023,07:46:58,335.6,0.37,2297.28,784.45
373,2,,06/18/2023,07:47:00,335.97,0.36,2298.89,824.26
374,2,,06/18/2023,07:47:02,336.33,0.34,2300.58,863.97
375,2,,06/18/2023,07:47:04,336.7,0.32,2302.35,903.59
376,2,,06/18/2023,07:47:06,337.06,0.31,2304.2,943.11
377,2,,06/18/2023,07:47:08,337.42,0.29,2306.12,982.52
378,2,,06/18/2023,07:47:10,337.78,0.27,2308.13,1021.83
379,2,,06/18/2023,07:47:12,338.15,0.25,2310.21,1061.03
380,2,,06/18/2023,07:47:14,338.51,0.23,2312.37,1100.11
381,2,,06/18/2023,07:47:16,338.87,0.21,2314.61,1139.07
382,2,,06/18/2023,07:47:18,339.23,0.19,2316.93,1177.91
383,2,,06/18/2023,07:47:20,339.58,0.17,2319.32,1216.62
384,2,,06/18/2023,07:47:22,339.94,0.15,2321.79,1255.2
385,2,,06/18/2023,07:47:24,340.3,0.13,2324.34,1293.65
386,2,,06/18/2023,07:47:26,340.66,0.1,2326.97,1331.96
387,2,,06/18/2023,07:47:28,341.01,0.08,2329.67,1370.14
388,2,,06/18/2023,07:47:30,341.37,0.05,2332.45,1408.17
389,2,,06/18/2023,07:47:32,341.72,0.03,2335.3,1446.05
390,2,,06/18/2023,07:47:34,342.07,0.0,2338.23,1483.78
391,2,LOS,06/18/2023,07:47:34,342.1,-0.0,2338.44,1486.45
392,3,AOS,06/18/2023,12:41:39,7.6,0.0,2342.97,-2773.48
393,3,,06/18/2023,12:41:40,7.74,0.02,2340.73,-2760.2
394,3,,06/18/2023,12:41:42,8.07,0.07,2335.25,-2727.07
395,3,,06/18/2023,12:41:44,8.4,0.12,2329.83,-2693.69
396,3,,06/18/2023,12:41:46,8.74,0.17,2324.47,-2660.07
397,3,,06/18/2023,12:41:48,9.07,0.21,2319.19,-2626.2
398,3,,06/18/2023,12:41:50,9.41,0.26,2313.97,-2592.08
399,3,,06/18/2023,12:41:52,9.75,0.31,2308.82,-2557.72
400,3,,06/18/2023,12:41:54,10.09,0.36,2303.74,-2523.11
401,3,,06/18/2023,12:41:56,10.43,0.4,2298.73,-2488.27
402,3,,06/18/2023,12:41:58,10.77,0.45,2293.78,-2453.18
403,3,,06/18/2023,12:42:00,11.12,0.49,2288.91,-2417.86
404,3,,06/18/2023,12:42:02,11.46,0.54,2284.11,-2382.29
405,3,,06/18/2023,12:42:04,11.81,0.58,2279.38,-2346.49
406,3,,06/18/2023,12:42:06,12.16,0.62,2274.73,-2310.46
407,3,,06/18/2023,12:42:08,12.51,0.66,2270.14,-2274.19
408,3,,06/18/2023,12:42:10,12.86,0.71,2265.63,-2237.69
409,3,,06/18/2023,12:42:12,13.21,0.75,2261.19,-2200.96
410,3,,06/18/2023,12:42:14,13.57,0.79,2256.83,-2164.0
411,3,,06/18/2023,12:42:16,13.92,0.83,2252.54,-2126.81
412,3,,06/18/2023,12:42:18,14.28,0.87,2248.32,-2089.41
413,3,,06/18/2023,12:42:20,14.64,0.91,2244.18,-2051.78
414,3,,06/18/2023,12:42:22,15.0,0.95,2240.11,-2013.93
415,3,,06/18/2023,12:42:24,15.36,0.98,2236.12,-1975.87
416,3,,06/18/2023,12:42:26,15.72,1.02,2232.21,-1937.59
417,3,,06/18/2023,12:42:28,16.09,1.06,2228.37,-1899.11
418,3,,06/18/2023,12:42:30,16.45,1.09,2224.61,-1860.41
419,3,,06/18/2023,12:42:32,16.82,1.13,2220.93,-1821.51
420,3,,06/18/2023,12:42:34,17.18,1.16,2217.33,-1782.4
421,3,,06/18/2023,12:42:36,17.55,1.19,2213.8,-1743.1
422,3,,06/18/2023,12:42:38,17.92,1.23,2210.36,-1703.59
423,3,,06/18/2023,12:42:40,18.29,1.26,2206.99,-1663.9
424,3,,06/18/2023,12:42:42,18.66,1.29,2203.7,-1624.02
425,3,,06/18/2023,12:42:44,19.04,1.32,2200.49,-1583.94
426,3,,06/18/2023,12:42:46,19.41,1.35,2197.36,-1543.69
427,3,,06/18/2023,12:42:48,19.78,1.38,2194.32,-1503.26
428,3,,06/18/2023,12:42:50,20.16,1.41,2191.35,-1462.65
429,3,,06/18/2023,12:42:52,20.54,1.44,2188.47,-1421.86
430,3,,06/18/2023,12:42:54,20.91,1.46,2185.66,-1380.91
431,3,,06/18/2023,12:42:56,21.29,1.49,2182.94,-1339.8
432,3,,06/18/2023,12:42:58,21.67,1.52,2180.31,-1298.52
433,3,,06/18/2023,12:43:00,22.05,1.54,2177.75,-1257.09
434,3,,06/18/2023,12:43:02,22.44,1.57,2175.28,-1215.51
435,3,,06/18/2023,12:43:04,22.82,1.59,2172.89,-1173.77
436,3,,06/18/2023,12:43:06,23.2,1.61,2170.58,-1131.9
437,3,,06/18/2023,12:43:08,23.59,1.63,2168.36,-1089.89
438,3,,06/18/2023,12:43:10,23.97,1.65,2166.22,-1047.74
439,3,,06/18/2023,12:43:12,24.36,1.67,2164.17,-1005.46
440,3,,06/18/2023,12:43:14,24.74,1.69,2162.2,-963.06
441,3,,06/18/2023,12:43:16,25.13,1.71,2160.32,-920.53
442,3,,06/18/2023,12:43:18,25.52,1.73,2158.52,-877.89
443,3,,06/18/2023,12:43:20,25.9,1.75,2156.81,-835.15
444,3,,06/18/2023,12:43:22,26.29,1.76,2155.18,-792.29
445,3,,06/18/2023,12:43:24,26.68,1.78,2153.64,-749.33
446,3,,06/18/2023,12:43:26,27.07,1.79,2152.18,-706.28
447,3,,06/18/2023,12:43:28,27.46,1.8,2150.81,-663.14
448,3,,06/18/2023,12:43:30,27.85,1.82,2149.53,-619.91
449,3,,06/18/2023,12:43:32,28.24,1.83,2148.33,-576.6
450,3,,06/18/2023,12:43:34,28.64,1.84,2147.22,-533.22
451,3,,06/18/2023,12:43:36,29.03,1.85,2146.2,-489.76
452,3,,06/18/2023,12:43:38,29.42,1.86,2145.26,-446.25
453,3,,06/18/2023,12:43:40,29.81,1.87,2144.41,-402.67
454,3,,06/18/2023,12:43:42,30.21,1.87,2143.65,-359.04
455,3,,06/18/2023,12:43:44,30.6,1.88,2142.98,-315.36
456,3,,06/18/2023,12:43:46,30.99,1.89,2142.39,-271.64
457,3,,06/18/2023,12:43:48,31.39,1.89,2141.89,-227.88
458,3,,06/18/2023,12:43:50,31.78,1.9,2141.48,-184.09
459,3,,06/18/2023,12:43:52,32.18,1.9,2141.16,-140.28
460,3,,06/18/2023,12:43:54,32.57,1.9,2140.92,-96.44
461,3,,06/18/2023,12:43:56,32.96,1.9,2140.77,-52.59
462,3,,06/18/2023,12:43:58,33.36,1.9,2140.71,-8.73
463,3,MAX,06/18/2023,12:43:58,33.44,1.9,2140.71,0.57
464,3,,06/18/2023,12:44:00,33.75,1.9,2140.73,35.13
465,3,,06/18/2023,12:44:02,34.15,1.9,2140.85,78.99
466,3,,06/18/2023,12:44:04,34.54,1.9,2141.05,122.85
467,3,,06/18/2023,12:44:06,34.94,1.9,2141.34,166.69
468,3,,06/18/2023,12:44:08,35.33,1.89,2141.72,210.51
469,3,,06/18/2023,12:44:10,35.72,1.89,2142.18,254.31
470,3,,06/18/2023,12:44:12,36.12,1.88,2142.73,298.08
471,3,,06/18/2023,12:44:14,36.51,1.88,2143.37,341.81
472,3,,06/18/2023,12:44:16,36.9,1.87,2144.1,385.5
473,3,,06/18/2023,12:44:18,37.3,1.86,2144.92,429.15
474,3,,06/18/2023,12:44:20,37.69,1.85,2145.82,472.74
475,3,,06/18/2023,12:44:22,38.08,1.84,2146.81,516.28
476,3,,06/18/2023,12:44:24,38.47,1.83,2147.88,559.75
477,3,,06/18/2023,12:44:26,38.87,1.82,2149.05,603.16
478,3,,06/18/2023,12:44:28,39.26,1.81,2150.3,646.49
479,3,,06/18/2023,12:44:30,39.65,1.8,2151.63,689.75
480,3,,06/18/2023,12:44:32,40.04,1.78,2153.06,732.92
481,3,,06/18/2023,12:44:34,40.43,1.77,2154.56,776.0
482,3,,06/18/2023,12:44:36,40.82,1.75,2156.16,818.99
483,3,,06/18/2023,12:44:38,41.2,1.74,2157.84,861.88
484,3,,06/18/2023,12:44:40,41.59,1.72,2159.61,904.66
485,3,,06/18/2023,12:44:42,41.98,1.7,2161.46,947.34
486,3,,06/18/2023,12:44:44,42.37,1.68,2163.4,989.9
487,3,,06/18/2023,12:44:46,42.75,1.66,2165.42,1032.34
488,3,,06/18/2023,12:44:48,43.14,1.64,2167.53,1074.66
489,3,,06/18/2023,12:44:50,43.52,1.62,2169.72,1116.85
490,3,,06/18/2023,12:44:52,43.9,1.6,2171.99,1158.91
491,3,,06/18/2023,12:44:54,44.29,1.57,2174.35,1200.83
492,3,,06/18/2023,12:44:56,44.67,1.55,2176.8,1242.61
493,3,,06/18/2023,12:44:58,45.05,1.53,2179.32,1284.25
494,3,,06/18/2023,12:45:00,45.43,1.5,2181.93,1325.73
495,3,,06/18/2023,12:45:02,45.81,1.48,2184.63,1367.06
496,3,,06/18/2023,12:45:04,46.19,1.45,2187.4,1408.23
497,3,,06/18/2023,12:45:06,46.56,1.42,2190.26,1449.24
498,3,,06/18/2023,12:45:08,46.94,1.39,2193.2,1490.08
499,3,,06/18/2023,12:45:10,47.32,1.36,2196.22,1530.75
500,3,,06/18/2023,12:45:12,47.69,1.33,2199.32,1571.25
501,3,,06/18/2023,12:45:14,48.06,1.3,2202.5,1611.57
502,3,,06/18/2023,12:45:16,48.44,1.27,2205.77,1651.71
503,3,,06/18/2023,12:45:18,48.81,1.24,2209.11,1691.66
504,3,,06/18/2023,12:45:20,49.18,1.21,2212.53,1731.42
505,3,,06/18/2023,12:45:22,49.55,1.17,2216.04,1770.99
506,3,,06/18/2023,12:45:24,49.91,1.14,2219.62,1810.37
507,3,,06/18/2023,12:45:26,50.28,1.11,2223.28,1849.55
508,3,,06/18/2023,12:45:28,50.64,1.07,2227.02,1888.53
509,3,,06/18/2023,12:45:30,51.01,1.03,2230.83,1927.3
510,3,,06/18/2023,12:45:32,51.37,1.0,2234.72,1965.87
511,3,,06/18/2023,12:45:34,51.73,0.96,2238.69,2004.23
512,3,,06/18/2023,12:45:36,52.09,0.92,2242.74,2042.37
513,3,,06/18/2023,12:45:38,52.45,0.88,2246.86,2080.3
514,3,,06/18/2023,12:45:40,52.81,0.84,2251.06,2118.02
515,3,,06/18/2023,12:45:42,53.16,0.8,2255.34,2155.51
516,3,,06/18/2023,12:45:44,53.52,0.76,2259.68,2192.78
517,3,,06/18/2023,12:45:46,53.87,0.72,2264.11,2229.83
518,3,,06/18/2023,12:45:48,54.23,0.68,2268.6,2266.65
519,3,,06/18/2023,12:45:50,54.58,0.64,2273.17,2303.24
520,3,,06/18/2023,12:45:52,54.93,0.59,2277.82,2339.61
521,3,,06/18/2023,12:45:54,55.27,0.55,2282.53,2375.74
522,3,,06/18/2023,12:45:56,55.62,0.51,2287.32,2411.64
523,3,,06/18/2023,12:45:58,55.96,0.46,2292.18,2447.3
524,3,,06/18/2023,12:46:00,56.31,0.42,2297.11,2482.73
525,3,,06/18/2023,12:46:02,56.65,0.37,2302.11,2517.92
526,3,,06/18/2023,12:46:04,56.99,0.33,2307.18,2552.87
527,3,,06/18/2023,12:46:06,57.33,0.28,2312.32,2587.58
528,3,,06/18/2023,12:46:08,57.67,0.23,2317.53,2622.05
529,3,,06/18/2023,12:46:10,58.0,0.18,2322.81,2656.27
530,3,,06/18/2023,12:46:12,58.34,0.13,2328.16,2690.25
531,3,,06/18/2023,12:46:14,58.67,0.09,2333.57,2723.99
532,3,,06/18/2023,12:46:16,59.0,0.04,2339.05,2757.48
533,3,LOS,06/18/2023,12:46:17,59.24,-0.0,2343.11,2781.86
534,4,AOS,06/18/2023,14:16:03,328.24,0.0,2343.07,-6734.1
535,4,,06/18/2023,14:16:04,328.27,0.04,2338.06,-6733.44
536,4,,06/18/2023,14:16:06,328.35,0.17,2324.59,-6731.64
537,4,,06/18/2023,14:16:08,328.43,0.29,2311.13,-6729.77
538,4,,06/18/2023,14:16:10,328.52,0.41,2297.68,-6727.83
539,4,,06/18/2023,14:16:12,328.6,0.54,2284.22,-6725.83
540,4,,06/18/2023,14:16:14,328.69,0.66,2270.77,-6723.76
541,4,,06/18/2023,14:16:16,328.77,0.78,2257.33,-6721.61
542,4,,06/18/2023,14:16:18,328.86,0.91,2243.89,-6719.4
543,4,,06/18/2023,14:16:20,328.95,1.04,2230.45,-6717.11
544,4,,06/18/2023,14:16:22,329.04,1.16,2217.02,-6714.75
545,4,,06/18/2023,14:16:24,329.13,1.29,2203.59,-6712.32
546,4,,06/18/2023,14:16:26,329.22,1.42,2190.17,-6709.8
547,4,,06/18/2023,14:16:28,329.31,1.55,2176.75,-6707.21
548,4,,06/18/2023,14:16:30,329.41,1.68,2163.34,-6704.53
549,4,,06/18/2023,14:16:32,329.5,1.81,2149.93,-6701.78
550,4,,06/18/2023,14:16:34,329.6,1.94,2136.53,-6698.93
551,4,,06/18/2023,14:16:36,329.69,2.08,2123.14,-6696.0
552,4,,06/18/2023,14:16:38,329.79,2.21,2109.75,-6692.98
553,4,,06/18/2023,14:16:40,329.89,2.35,2096.37,-6689.87
554,4,,06/18/2023,14:16:42,329.99,2.48,2082.99,-6686.67
555,4,,06/18/2023,14:16:44,330.09,2.62,2069.62,-6683.37
556,4,,06/18/2023,14:16:46,330.2,2.76,2056.26,-6679.98
557,4,,06/18/2023,14:16:48,330.3,2.89,2042.9,-6676.49
558,4,,06/18/2023,14:16:50,330.41,3.03,2029.55,-6672.89
559,4,,06/18/2023,14:16:52,330.51,3.17,2016.21,-6669.19
560,4,,06/18/2023,14:16:54,330.62,3.32,2002.87,-6665.38
561,4,,06/18/2023,14:16:56,330.73,3.46,1989.55,-6661.46
562,4,,06/18/2023,14:16:58,330.84,3.6,1976.23,-6657.43
563,4,,06/18/2023,14:17:00,330.96,3.75,1962.92,-6653.29
564,4,,06/18/2023,14:17:02,331.07,3.89,1949.61,-6649.03
565,4,,06/18/2023,14:17:04,331.19,4.04,1936.32,-6644.64
566,4,,06/18/2023,14:17:06,331.3,4.19,1923.04,-6640.14
567,4,,06/18/2023,14:17:08,331.42,4.34,1909.76,-6635.5
568,4,,06/18/2023,14:17:10,331.54,4.49,1896.49,-6630.74
569,4,,06/18/2023,14:17:12,331.66,4.64,1883.24,-6625.84
570,4,,06/18/2023,14:17:14,331.79,4.79,1869.99,-6620.8
571,4,,06/18/2023,14:17:16,331.91,4.94,1856.75,-6615.63
572,4,,06/18/2023,14:17:18,332.04,5.1,1843.53,-6610.31
573,4,,06/18/2023,14:17:20,332.17,5.26,1830.31,-6604.84
574,4,,06/18/2023,14:17:22,332.3,5.41,1817.11,-6599.22
575,4,,06/18/2023,14:17:24,332.44,5.57,1803.92,-6593.44
576,4,,06/18/2023,14:17:26,332.57,5.73,1790.74,-6587.5
577,4,,06/18/2023,14:17:28,332.71,5.9,1777.57,-6581.4
578,4,,06/18/2023,14:17:30,332.85,6.06,1764.41,-6575.13
579,4,,06/18/2023,14:17:32,332.99,6.22,1751.27,-6568.68
580,4,,06/18/2023,14:17:34,333.13,6.39,1738.14,-6562.05
581,4,,06/18/2023,14:17:36,333.28,6.56,1725.02,-6555.24
582,4,,06/18/2023,14:17:38,333.42,6.73,1711.92,-6548.24
583,4,,06/18/2023,14:17:40,333.57,6.9,1698.83,-6541.05
584,4,,06/18/2023,14:17:42,333.73,7.07,1685.75,-6533.65
585,4,,06/18/2023,14:17:44,333.88,7.24,1672.69,-6526.05
586,4,,06/18/2023,14:17:46,334.04,7.42,1659.65,-6518.23
587,4,,06/18/2023,14:17:48,334.2,7.6,1646.62,-6510.2
588,4,,06/18/2023,14:17:50,334.36,7.78,1633.61,-6501.94
589,4,,06/18/2023,14:17:52,334.53,7.96,1620.61,-6493.45
590,4,,06/18/2023,14:17:54,334.69,8.14,1607.63,-6484.72
591,4,,06/18/2023,14:17:56,334.86,8.33,1594.67,-6475.75
592,4,,06/18/2023,14:17:58,335.04,8.51,1581.73,-6466.52
593,4,,06/18/2023,14:18:00,335.21,8.7,1568.81,-6457.03
594,4,,06/18/2023,14:18:02,335.39,8.89,1555.9,-6447.27
595,4,,06/18/2023,14:18:04,335.58,9.08,1543.02,-6437.23
596,4,,06/18/2023,14:18:06,335.76,9.28,1530.15,-6426.91
597,4,,06/18/2023,14:18:08,335.95,9.47,1517.31,-6416.29
598,4,,06/18/2023,14:18:10,336.14,9.67,1504.49,-6405.36
599,4,,06/18/2023,14:18:12,336.34,9.87,1491.69,-6394.12
600,4,,06/18/2023,14:18:14,336.54,10.08,1478.91,-6382.56
601,4,,06/18/2023,14:18:16,336.74,10.28,1466.16,-6370.66
602,4,,06/18/2023,14:18:18,336.95,10.49,1453.43,-6358.42
603,4,,06/18/2023,14:18:20,337.16,10.7,1440.73,-6345.81
604,4,,06/18/2023,14:18:22,337.37,10.91,1428.05,-6332.84
605,4,,06/18/2023,14:18:24,337.59,11.13,1415.39,-6319.49
606,4,,06/18/2023,14:18:26,337.81,11.35,1402.77,-6305.74
607,4,,06/18/2023,14:18:28,338.04,11.57,1390.17,-6291.59
608,4,,06/18/2023,14:18:30,338.27,11.79,1377.6,-6277.01
609,4,,06/18/2023,14:18:32,338.51,12.01,1365.06,-6262.0
610,4,,06/18/2023,14:18:34,338.75,12.24,1352.56,-6246.54
611,4,,06/18/2023,14:18:36,338.99,12.47,1340.08,-6230.61
612,4,,06/18/2023,14:18:38,339.25,12.71,1327.63,-6214.2
613,4,,06/18/2023,14:18:40,339.5,12.94,1315.22,-6197.29
614,4,,06/18/2023,14:18:42,339.76,13.18,1302.84,-6179.87
615,4,,06/18/2023,14:18:44,340.03,13.43,1290.5,-6161.91
616,4,,06/18/2023,14:18:46,340.3,13.67,1278.2,-6143.4
617,4,,06/18/2023,14:18:48,340.58,13.92,1265.93,-6124.31
618,4,,06/18/2023,14:18:50,340.86,14.17,1253.7,-6104.64
619,4,,06/18/2023,14:18:52,341.15,14.43,1241.51,-6084.35
620,4,,06/18/2023,14:18:54,341.45,14.69,1229.36,-6063.42
621,4,,06/18/2023,14:18:56,341.75,14.95,1217.26,-6041.83
622,4,,06/18/2023,14:18:58,342.06,15.22,1205.2,-6019.56
623,4,,06/18/2023,14:19:00,342.37,15.49,1193.18,-5996.58
624,4,,06/18/2023,14:19:02,342.7,15.76,1181.21,-5972.87
625,4,,06/18/2023,14:19:04,343.03,16.04,1169.29,-5948.4
626,4,,06/18/2023,14:19:06,343.37,16.32,1157.42,-5923.14
627,4,,06/18/2023,14:19:08,343.71,16.6,1145.6,-5897.06
628,4,,06/18/2023,14:19:10,344.07,16.89,1133.83,-5870.13
629,4,,06/18/2023,14:19:12,344.43,17.18,1122.12,-5842.32
630,4,,06/18/2023,14:19:14,344.8,17.48,1110.46,-5813.6
631,4,,06/18/2023,14:19:16,345.18,17.78,1098.86,-5783.94
632,4,,06/18/2023,14:19:18,345.57,18.08,1087.33,-5753.29
633,4,,06/18/2023,14:19:20,345.97,18.39,1075.85,-5721.62
634,4,,06/18/2023,14:19:22,346.38,18.7,1064.44,-5688.9
635,4,,06/18/2023,14:19:24,346.8,19.02,1053.1,-5655.09
636,4,,06/18/2023,14:19:26,347.23,19.34,1041.82,-5620.13
637,4,,06/18/2023,14:19:28,347.67,19.67,1030.62,-5584.0
638,4,,06/18/2023,14:19:30,348.12,20.0,1019.49,-5546.65
639,4,,06/18/2023,14:19:32,348.59,20.33,1008.43,-5508.03
640,4,,06/18/2023,14:19:34,349.06,20.67,997.46,-5468.09
641,4,,06/18/2023,14:19:36,349.55,21.02,986.56,-5426.79
642,4,,06/18/2023,14:19:38,350.06,21.37,975.75,-5384.07
643,4,,06/18/2023,14:19:40,350.57,21.72,965.02,-5339.89
644,4,,06/18/2023,14:19:42,351.1,22.08,954.39,-5294.19
645,4,,06/18/2023,14:19:44,351.65,22.44,943.85,-5246.92
646,4,,06/18/2023,14:19:46,352.21,22.81,933.4,-5198.02
647,4,,06/18/2023,14:19:48,352.78,23.18,923.06,-5147.42
648,4,,06/18/2023,14:19:50,353.37,23.56,912.82,-5095.08
649,4,,06/18/2023,14:19:52,353.98,23.94,902.68,-5040.93
650,4,,06/18/2023,14:19:54,354.61,24.32,892.65,-4984.91
651,4,,06/18/2023,14:19:56,355.25,24.71,882.74,-4926.95
652,4,,06/18/2023,14:19:58,355.91,25.1,872.95,-4866.99
653,4,,06/18/2023,14:20:00,356.59,25.5,863.27,-4804.97
654,4,,06/18/2023,14:20:02,357.3,25.9,853.73,-4740.82
655,4,,06/18/2023,14:20:04,358.02,26.31,844.31,-4674.46
656,4,,06/18/2023,14:20:06,358.76,26.72,835.03,-4605.85
657,4,,06/18/2023,14:20:08,359.52,27.13,825.89,-4534.9
658,4,,06/18/2023,14:20:10,0.31,27.55,816.89,-4461.54
659,4,,06/18/2023,14:20:12,1.12,27.96,808.05,-4385.72
660,4,,06/18/2023,14:20:14,1.96,28.38,799.35,-4307.37
661,4,,06/18/2023,14:20:16,2.82,28.81,790.82,-4226.42
662,4,,06/18/2023,14:20:18,3.7,29.23,782.45,-4142.81
663,4,,06/18/2023,14:20:20,4.61,29.65,774.25,-4056.48
664,4,,06/18/2023,14:20:22,5.55,30.08,766.22,-3967.37
665,4,,06/18/2023,14:20:24,6.52,30.51,758.38,-3875.43
666,4,,06/18/2023,14:20:26,7.52,30.93,750.72,-3780.61
667,4,,06/18/2023,14:20:28,8.54,31.36,743.26,-3682.85
668,4,,06/18/2023,14:20:30,9.59,31.78,736.0,-3582.13
669,4,,06/18/2023,14:20:32,10.68,32.2,728.93,-3478.4
670,4,,06/18/2023,14:20:34,11.79,32.61,722.08,-3371.64
671,4,,06/18/2023,14:20:36,12.94,33.02,715.45,-3261.83
672,4,,06/18/2023,14:20:38,14.12,33.43,709.04,-3148.95
673,4,,06/18/2023,14:20:40,15.33,33.83,702.86,-3033.01
674,4,,06/18/2023,14:20:42,16.58,34.22,696.91,-2914.01
675,4,,06/18/2023,14:20:44,17.85,34.61,691.2,-2791.97
676,4,,06/18/2023,14:20:46,19.16,34.98,685.74,-2666.93
677,4,,06/18/2023,14:20:48,20.5,35.35,680.54,-2538.91
678,4,,06/18/2023,14:20:50,21.88,35.7,675.59,-2407.99
679,4,,06/18/2023,14:20:52,23.28,36.04,670.91,-2274.22
680,4,,06/18/2023,14:20:54,24.72,36.37,666.49,-2137.69
681,4,,06/18/2023,14:20:56,26.18,36.68,662.36,-1998.49
682,4,,06/18/2023,14:20:58,27.68,36.97,658.5,-1856.74
683,4,,06/18/2023,14:21:00,29.21,37.25,654.93,-1712.56
684,4,,06/18/2023,14:21:02,30.76,37.5,651.65,-1566.09
685,4,,06/18/2023,14:21:04,32.33,37.74,648.67,-1417.48
686,4,,06/18/2023,14:21:06,33.93,37.95,645.98,-1266.9
687,4,,06/18/2023,14:21:08,35.56,38.15,643.6,-1114.53
688,4,,06/18/2023,14:21:10,37.2,38.32,641.53,-960.56
689,4,,06/18/2023,14:21:12,38.86,38.46,639.76,-805.2
690,4,,06/18/2023,14:21:14,40.53,38.58,638.31,-648.65
691,4,,06/18/2023,14:21:16,42.21,38.67,637.17,-491.14
692,4,,06/18/2023,14:21:18,43.91,38.74,636.34,-332.89
693,4,,06/18/2023,14:21:20,45.61,38.79,635.84,-174.14
694,4,,06/18/2023,14:21:22,47.31,38.8,635.65,-15.12
695,4,MAX,06/18/2023,14:21:22,47.45,38.8,635.65,-2.12
696,4,,06/18/2023,14:21:24,49.01,38.79,635.78,143.92
697,4,,06/18/2023,14:21:26,50.71,38.75,636.22,302.74
698,4,,06/18/2023,14:21:28,52.41,38.69,636.99,461.12
699,4,,06/18/2023,14:21:30,54.09,38.6,638.07,618.81
700,4,,06/18/2023,14:21:32,55.77,38.48,639.46,775.59
701,4,,06/18/2023,14:21:34,57.43,38.34,641.17,931.22
702,4,,06/18/2023,14:21:36,59.07,38.17,643.19,1085.51
703,4,,06/18/2023,14:21:38,60.7,37.99,645.51,1238.24
704,4,,06/18/2023,14:21:40,62.3,37.77,648.14,1389.23
705,4,,06/18/2023,14:21:42,63.89,37.54,651.07,1538.27
706,4,,06/18/2023,14:21:44,65.44,37.29,654.29,1685.22
707,4,,06/18/2023,14:21:46,66.97,37.02,657.8,1829.91
708,4,,06/18/2023,14:21:48,68.47,36.73,661.61,1972.2
709,4,,06/18/2023,14:21:50,69.95,36.42,665.69,2111.96
710,4,,06/18/2023,14:21:52,71.39,36.09,670.05,2249.08
711,4,,06/18/2023,14:21:54,72.8,35.76,674.69,2383.46
712,4,,06/18/2023,14:21:56,74.18,35.41,679.59,2515.02
713,4,,06/18/2023,14:21:58,75.53,35.04,684.74,2643.67
714,4,,06/18/2023,14:22:00,76.84,34.67,690.16,2769.37
715,4,,06/18/2023,14:22:02,78.12,34.29,695.82,2892.08
716,4,,06/18/2023,14:22:04,79.37,33.89,701.72,3011.75
717,4,,06/18/2023,14:22:06,80.59,33.49,707.87,3128.36
718,4,,06/18/2023,14:22:08,81.77,33.09,714.24,3241.92
719,4,,06/18/2023,14:22:10,82.93,32.68,720.83,3352.41
720,4,,06/18/2023,14:22:12,84.05,32.26,727.64,3459.85
721,4,,06/18/2023,14:22:14,85.14,31.84,734.67,3564.25
722,4,,06/18/2023,14:22:16,86.2,31.42,741.9,3665.64
723,4,,06/18/2023,14:22:18,87.23,30.99,749.33,3764.06
724,4,,06/18/2023,14:22:20,88.23,30.57,756.95,3859.54
725,4,,06/18/2023,14:22:22,89.2,30.14,764.77,3952.13
726,4,,06/18/2023,14:22:24,90.14,29.72,772.76,4041.88
727,4,,06/18/2023,14:22:26,91.06,29.29,780.93,4128.84
728,4,,06/18/2023,14:22:28,91.95,28.87,789.27,4213.07
729,4,,06/18/2023,14:22:30,92.81,28.44,797.78,4294.62
730,4,,06/18/2023,14:22:32,93.65,28.02,806.45,4373.57
731,4,,06/18/2023,14:22:34,94.46,27.6,815.27,4449.97
732,4,,06/18/2023,14:22:36,95.26,27.19,824.25,4523.89
733,4,,06/18/2023,14:22:38,96.02,26.77,833.37,4595.39
734,4,,06/18/2023,14:22:40,96.77,26.36,842.63,4664.56
735,4,,06/18/2023,14:22:42,97.49,25.96,852.02,4731.44
736,4,,06/18/2023,14:22:44,98.2,25.56,861.55,4796.11
737,4,,06/18/2023,14:22:46,98.88,25.16,871.21,4858.64
738,4,,06/18/2023,14:22:48,99.55,24.76,880.99,4919.08
739,4,,06/18/2023,14:22:50,100.19,24.37,890.88,4977.52
740,4,,06/18/2023,14:22:52,100.82,23.98,900.89,5034.01
741,4,,06/18/2023,14:22:54,101.43,23.6,911.02,5088.61
742,4,,06/18/2023,14:22:56,102.03,23.23,921.25,5141.4
743,4,,06/18/2023,14:22:58,102.6,22.85,931.58,5192.42
744,4,,06/18/2023,14:23:00,103.16,22.48,942.02,5241.74
745,4,,06/18/2023,14:23:02,103.71,22.12,952.55,5289.43
746,4,,06/18/2023,14:23:04,104.24,21.76,963.17,5335.52
747,4,,06/18/2023,14:23:06,104.76,21.41,973.89,5380.09
748,4,,06/18/2023,14:23:08,105.26,21.06,984.69,5423.18
749,4,,06/18/2023,14:23:10,105.76,20.71,995.58,5464.85
750,4,,06/18/2023,14:23:12,106.23,20.37,1006.55,5505.14
751,4,,06/18/2023,14:23:14,106.7,20.03,1017.6,5544.11
752,4,,06/18/2023,14:23:16,107.15,19.7,1028.73,5581.8
753,4,,06/18/2023,14:23:18,107.6,19.38,1039.93,5618.26
754,4,,06/18/2023,14:23:20,108.03,19.05,1051.2,5653.53
755,4,,06/18/2023,14:23:22,108.45,18.73,1062.54,5687.66
756,4,,06/18/2023,14:23:24,108.86,18.42,1073.95,5720.68
757,4,,06/18/2023,14:23:26,109.26,18.11,1085.42,5752.64
758,4,,06/18/2023,14:23:28,109.65,17.81,1096.96,5783.58
759,4,,06/18/2023,14:23:30,110.03,17.5,1108.56,5813.52
760,4,,06/18/2023,14:23:32,110.4,17.21,1120.21,5842.52
761,4,,06/18/2023,14:23:34,110.77,16.91,1131.92,5870.59
762,4,,06/18/2023,14:23:36,111.12,16.62,1143.69,5897.78
763,4,,06/18/2023,14:23:38,111.47,16.34,1155.52,5924.12
764,4,,06/18/2023,14:23:40,111.8,16.06,1167.39,5949.63
765,4,,06/18/2023,14:23:42,112.14,15.78,1179.31,5974.34
766,4,,06/18/2023,14:23:44,112.46,15.51,1191.29,5998.29
767,4,,06/18/2023,14:23:46,112.78,15.24,1203.31,6021.5
768,4,,06/18/2023,14:23:48,113.08,14.97,1215.37,6044.0
769,4,,06/18/2023,14:23:50,113.39,14.71,1227.48,6065.81
770,4,,06/18/2023,14:23:52,113.68,14.45,1239.63,6086.96
771,4,,06/18/2023,14:23:54,113.97,14.19,1251.83,6107.46
772,4,,06/18/2023,14:23:56,114.26,13.94,1264.06,6127.35
773,4,,06/18/2023,14:23:58,114.53,13.69,1276.34,6146.63
774,4,,06/18/2023,14:24:00,114.8,13.44,1288.65,6165.35
775,4,,06/18/2023,14:24:02,115.07,13.2,1301.0,6183.5
776,4,,06/18/2023,14:24:04,115.33,12.96,1313.38,6201.12
777,4,,06/18/2023,14:24:06,115.59,12.72,1325.8,6218.22
778,4,,06/18/2023,14:24:08,115.84,12.48,1338.26,6234.81
779,4,,06/18/2023,14:24:10,116.08,12.25,1350.74,6250.92
780,4,,06/18/2023,14:24:12,116.32,12.02,1363.26,6266.57
781,4,,06/18/2023,14:24:14,116.56,11.8,1375.81,6281.75
782,4,,06/18/2023,14:24:16,116.79,11.57,1388.39,6296.5
783,4,,06/18/2023,14:24:18,117.01,11.35,1400.99,6310.83
784,4,,06/18/2023,14:24:20,117.24,11.14,1413.63,6324.74
785,4,,06/18/2023,14:24:22,117.45,10.92,1426.29,6338.26
786,4,,06/18/2023,14:24:24,117.67,10.71,1438.98,6351.4
787,4,,06/18/2023,14:24:26,117.88,10.5,1451.7,6364.16
788,4,,06/18/2023,14:24:28,118.08,10.29,1464.44,6376.56
789,4,,06/18/2023,14:24:30,118.28,10.08,1477.2,6388.62
790,4,,06/18/2023,14:24:32,118.48,9.88,1489.99,6400.33
791,4,,06/18/2023,14:24:34,118.68,9.68,1502.8,6411.72
792,4,,06/18/2023,14:24:36,118.87,9.48,1515.64,6422.8
793,4,,06/18/2023,14:24:38,119.06,9.28,1528.5,6433.56
794,4,,06/18/2023,14:24:40,119.24,9.08,1541.37,6444.03
795,4,,06/18/2023,14:24:42,119.42,8.89,1554.27,6454.21
796,4,,06/18/2023,14:24:44,119.6,8.7,1567.19,6464.11
797,4,,06/18/2023,14:24:46,119.78,8.51,1580.13,6473.74
798,4,,06/18/2023,14:24:48,119.95,8.32,1593.08,6483.11
799,4,,06/18/2023,14:24:50,120.12,8.14,1606.06,6492.22
800,4,,06/18/2023,14:24:52,120.28,7.96,1619.05,6501.09
801,4,,06/18/2023,14:24:54,120.45,7.77,1632.06,6509.71
802,4,,06/18/2023,14:24:56,120.61,7.59,1645.09,6518.1
803,4,,06/18/2023,14:24:58,120.77,7.42,1658.14,6526.27
804,4,,06/18/2023,14:25:00,120.92,7.24,1671.2,6534.21
805,4,,06/18/2023,14:25:02,121.08,7.07,1684.27,6541.94
806,4,,06/18/2023,14:25:04,121.23,6.89,1697.36,6549.46
807,4,,06/18/2023,14:25:06,121.38,6.72,1710.47,6556.78
808,4,,06/18/2023,14:25:08,121.52,6.55,1723.59,6563.91
809,4,,06/18/2023,14:25:10,121.67,6.38,1736.73,6570.84
810,4,,06/18/2023,14:25:12,121.81,6.22,1749.88,6577.59
811,4,,06/18/2023,14:25:14,121.95,6.05,1763.04,6584.16
812,4,,06/18/2023,14:25:16,122.09,5.89,1776.21,6590.55
813,4,,06/18/2023,14:25:18,122.22,5.73,1789.4,6596.77
814,4,,06/18/2023,14:25:20,122.35,5.56,1802.6,6602.83
815,4,,06/18/2023,14:25:22,122.49,5.41,1815.81,6608.73
816,4,,06/18/2023,14:25:24,122.62,5.25,1829.03,6614.46
817,4,,06/18/2023,14:25:26,122.74,5.09,1842.27,6620.05
818,4,,06/18/2023,14:25:28,122.87,4.93,1855.51,6625.48
819,4,,06/18/2023,14:25:30,122.99,4.78,1868.77,6630.77
820,4,,06/18/2023,14:25:32,123.11,4.63,1882.04,6635.92
821,4,,06/18/2023,14:25:34,123.23,4.48,1895.31,6640.93
822,4,,06/18/2023,14:25:36,123.35,4.32,1908.6,6645.81
823,4,,06/18/2023,14:25:38,123.47,4.18,1921.9,6650.55
824,4,,06/18/2023,14:25:40,123.59,4.03,1935.2,6655.17
825,4,,06/18/2023,14:25:42,123.7,3.88,1948.52,6659.66
826,4,,06/18/2023,14:25:44,123.81,3.73,1961.84,6664.03
827,4,,06/18/2023,14:25:46,123.92,3.59,1975.17,6668.28
828,4,,06/18/2023,14:25:48,124.03,3.44,1988.51,6672.42
829,4,,06/18/2023,14:25:50,124.14,3.3,2001.86,6676.44
830,4,,06/18/2023,14:25:52,124.25,3.16,2015.22,6680.36
831,4,,06/18/2023,14:25:54,124.35,3.02,2028.58,6684.16
832,4,,06/18/2023,14:25:56,124.45,2.88,2041.96,6687.86
833,4,,06/18/2023,14:25:58,124.56,2.74,2055.34,6691.46
834,4,,06/18/2023,14:26:00,124.66,2.6,2068.72,6694.96
835,4,,06/18/2023,14:26:02,124.76,2.47,2082.12,6698.36
836,4,,06/18/2023,14:26:04,124.86,2.33,2095.51,6701.67
837,4,,06/18/2023,14:26:06,124.95,2.19,2108.92,6704.88
838,4,,06/18/2023,14:26:08,125.05,2.06,2122.33,6708.0
839,4,,06/18/2023,14:26:10,125.14,1.93,2135.75,6711.03
840,4,,06/18/2023,14:26:12,125.24,1.79,2149.18,6713.97
841,4,,06/18/2023,14:26:14,125.33,1.66,2162.61,6716.83
842,4,,06/18/2023,14:26:16,125.42,1.53,2176.05,6719.61
843,4,,06/18/2023,14:26:18,125.51,1.4,2189.49,6722.3
844,4,,06/18/2023,14:26:20,125.6,1.27,2202.93,6724.91
845,4,,06/18/2023,14:26:22,125.69,1.14,2216.39,6727.45
846,4,,06/18/2023,14:26:24,125.77,1.02,2229.84,6729.9
847,4,,06/18/2023,14:26:26,125.86,0.89,2243.31,6732.29
848,4,,06/18/2023,14:26:28,125.95,0.76,2256.77,6734.6
849,4,,06/18/2023,14:26:30,126.03,0.64,2270.25,6736.84
850,4,,06/18/2023,14:26:32,126.11,0.51,2283.72,6739.0
851,4,,06/18/2023,14:26:34,126.19,0.39,2297.2,6741.1
852,4,,06/18/2023,14:26:36,126.27,0.27,2310.69,6743.13
853,4,,06/18/2023,14:26:38,126.35,0.14,2324.17,6745.1
854,4,,06/18/2023,14:26:40,126.43,0.02,2337.67,6747.0
855,4,LOS,06/18/2023,14:26:40,126.45,-0.0,2340.23,6747.35
856,5,AOS,06/18/2023,15:53:36,287.32,0.0,2342.72,-5282.54
857,5,,06/18/2023,15:53:38,287.11,0.09,2333.17,-5266.53
858,5,,06/18/2023,15:53:40,286.87,0.18,2322.66,-5248.58
859,5,,06/18/2023,15:53:42,286.63,0.28,2312.18,-5230.36
860,5,,06/18/2023,15:53:44,286.39,0.37,2301.74,-5211.87
861,5,,06/18/2023,15:53:46,286.15,0.47,2291.33,-5193.11
862,5,,06/18/2023,15:53:48,285.91,0.56,2280.97,-5174.07
863,5,,06/18/2023,15:53:50,285.66,0.66,2270.64,-5154.74
864,5,,06/18/2023,15:53:52,285.41,0.75,2260.35,-5135.12
865,5,,06/18/2023,15:53:54,285.16,0.85,2250.1,-5115.21
866,5,,06/18/2023,15:53:56,284.91,0.94,2239.89,-5095.01
867,5,,06/18/2023,15:53:58,284.65,1.04,2229.72,-5074.51
868,5,,06/18/2023,15:54:00,284.39,1.14,2219.59,-5053.7
869,5,,06/18/2023,15:54:02,284.13,1.23,2209.5,-5032.58
870,5,,06/18/2023,15:54:04,283.87,1.33,2199.46,-5011.16
871,5,,06/18/2023,15:54:06,283.6,1.42,2189.46,-4989.41
872,5,,06/18/2023,15:54:08,283.34,1.52,2179.5,-4967.34
873,5,,06/18/2023,15:54:10,283.07,1.62,2169.59,-4944.95
874,5,,06/18/2023,15:54:12,282.79,1.71,2159.72,-4922.23
875,5,,06/18/2023,15:54:14,282.52,1.81,2149.9,-4899.17
876,5,,06/18/2023,15:54:16,282.24,1.9,2140.12,-4875.78
877,5,,06/18/2023,15:54:18,281.96,2.0,2130.4,-4852.04
878,5,,06/18/2023,15:54:20,281.67,2.1,2120.72,-4827.96
879,5,,06/18/2023,15:54:22,281.39,2.19,2111.09,-4803.52
880,5,,06/18/2023,15:54:24,281.1,2.29,2101.5,-4778.72
881,5,,06/18/2023,15:54:26,280.81,2.38,2091.97,-4753.57
882,5,,06/18/2023,15:54:28,280.51,2.48,2082.49,-4728.04
883,5,,06/18/2023,15:54:30,280.22,2.58,2073.06,-4702.15
884,5,,06/18/2023,15:54:32,279.92,2.67,2063.68,-4675.88
885,5,,06/18/2023,15:54:34,279.61,2.77,2054.36,-4649.24
886,5,,06/18/2023,15:54:36,279.31,2.87,2045.08,-4622.21
887,5,,06/18/2023,15:54:38,279.0,2.96,2035.87,-4594.78
888,5,,06/18/2023,15:54:40,278.69,3.06,2026.71,-4566.97
889,5,,06/18/2023,15:54:42,278.37,3.15,2017.6,-4538.76
890,5,,06/18/2023,15:54:44,278.06,3.25,2008.55,-4510.14
891,5,,06/18/2023,15:54:46,277.74,3.34,1999.56,-4481.12
892,5,,06/18/2023,15:54:48,277.41,3.44,1990.63,-4451.69
893,5,,06/18/2023,15:54:50,277.09,3.53,1981.75,-4421.84
894,5,,06/18/2023,15:54:52,276.76,3.63,1972.94,-4391.56
895,5,,06/18/2023,15:54:54,276.43,3.72,1964.19,-4360.87
896,5,,06/18/2023,15:54:56,276.09,3.82,1955.5,-4329.74
897,5,,06/18/2023,15:54:58,275.75,3.91,1946.87,-4298.18
898,5,,06/18/2023,15:55:00,275.41,4.01,1938.3,-4266.17
899,5,,06/18/2023,15:55:02,275.07,4.1,1929.8,-4233.73
900,5,,06/18/2023,15:55:04,274.72,4.2,1921.37,-4200.84
901,5,,06/18/2023,15:55:06,274.37,4.29,1913.0,-4167.49
902,5,,06/18/2023,15:55:08,274.01,4.38,1904.7,-4133.69
903,5,,06/18/2023,15:55:10,273.66,4.48,1896.47,-4099.43
904,5,,06/18/2023,15:55:12,273.3,4.57,1888.3,-4064.71
905,5,,06/18/2023,15:55:14,272.93,4.66,1880.21,-4029.51
906,5,,06/18/2023,15:55:16,272.57,4.76,1872.18,-3993.85
907,5,,06/18/2023,15:55:18,272.19,4.85,1864.23,-3957.71
908,5,,06/18/2023,15:55:20,271.82,4.94,1856.35,-3921.09
909,5,,06/18/2023,15:55:22,271.44,5.03,1848.55,-3883.98
910,5,,06/18/2023,15:55:24,271.06,5.12,1840.82,-3846.39
911,5,,06/18/2023,15:55:26,270.68,5.21,1833.16,-3808.31
912,5,,06/18/2023,15:55:28,270.29,5.3,1825.59,-3769.73
913,5,,06/18/2023,15:55:30,269.9,5.39,1818.08,-3730.66
914,5,,06/18/2023,15:55:32,269.51,5.48,1810.66,-3691.09
915,5,,06/18/2023,15:55:34,269.11,5.57,1803.32,-3651.02
916,5,,06/18/2023,15:55:36,268.71,5.66,1796.06,-3610.45
917,5,,06/18/2023,15:55:38,268.31,5.74,1788.88,-3569.36
918,5,,06/18/2023,15:55:40,267.9,5.83,1781.78,-3527.77
919,5,,06/18/2023,15:55:42,267.49,5.92,1774.77,-3485.67
920,5,,06/18/2023,15:55:44,267.08,6.0,1767.84,-3443.05
921,5,,06/18/2023,15:55:46,266.66,6.09,1761.0,-3399.92
922,5,,06/18/2023,15:55:48,266.24,6.17,1754.24,-3356.27
923,5,,06/18/2023,15:55:50,265.82,6.26,1747.57,-3312.11
924,5,,06/18/2023,15:55:52,265.39,6.34,1740.99,-3267.43
925,5,,06/18/2023,15:55:54,264.96,6.42,1734.5,-3222.22
926,5,,06/18/2023,15:55:56,264.52,6.5,1728.1,-3176.5
927,5,,06/18/2023,15:55:58,264.09,6.59,1721.8,-3130.27
928,5,,06/18/2023,15:56:00,263.65,6.67,1715.58,-3083.51
929,5,,06/18/2023,15:56:02,263.2,6.74,1709.46,-3036.23
930,5,,06/18/2023,15:56:04,262.75,6.82,1703.44,-2988.43
931,5,,06/18/2023,15:56:06,262.3,6.9,1697.51,-2940.12
932,5,,06/18/2023,15:56:08,261.85,6.98,1691.68,-2891.29
933,5,,06/18/2023,15:56:10,261.39,7.05,1685.95,-2841.95
934,5,,06/18/2023,15:56:12,260.93,7.13,1680.31,-2792.09
935,5,,06/18/2023,15:56:14,260.47,7.2,1674.78,-2741.73
936,5,,06/18/2023,15:56:16,260.0,7.27,1669.34,-2690.86
937,5,,06/18/2023,15:56:18,259.53,7.35,1664.01,-2639.48
938,5,,06/18/2023,15:56:20,259.05,7.42,1658.79,-2587.6
939,5,,06/18/2023,15:56:22,258.58,7.49,1653.66,-2535.23
940,5,,06/18/2023,15:56:24,258.1,7.55,1648.65,-2482.36
941,5,,06/18/2023,15:56:26,257.62,7.62,1643.73,-2429.01
942,5,,06/18/2023,15:56:28,257.13,7.69,1638.93,-2375.17
943,5,,06/18/2023,15:56:30,256.64,7.75,1634.23,-2320.85
944,5,,06/18/2023,15:56:32,256.15,7.81,1629.65,-2266.06
945,5,,06/18/2023,15:56:34,255.65,7.88,1625.17,-2210.8
946,5,,06/18/2023,15:56:36,255.16,7.94,1620.8,-2155.08
947,5,,06/18/2023,15:56:38,254.66,8.0,1616.55,-2098.91
948,5,,06/18/2023,15:56:40,254.15,8.06,1612.41,-2042.3
949,5,,06/18/2023,15:56:42,253.65,8.11,1608.38,-1985.24
950,5,,06/18/2023,15:56:44,253.14,8.17,1604.47,-1927.75
951,5,,06/18/2023,15:56:46,252.63,8.22,1600.67,-1869.85
952,5,,06/18/2023,15:56:48,252.11,8.27,1596.99,-1811.53
953,5,,06/18/2023,15:56:50,251.6,8.32,1593.43,-1752.8
954,5,,06/18/2023,15:56:52,251.08,8.37,1589.98,-1693.68
955,5,,06/18/2023,15:56:54,250.56,8.42,1586.65,-1634.18
956,5,,06/18/2023,15:56:56,250.03,8.47,1583.44,-1574.3
957,5,,06/18/2023,15:56:58,249.51,8.51,1580.35,-1514.07
958,5,,06/18/2023,15:57:00,248.98,8.55,1577.39,-1453.48
959,5,,06/18/2023,15:57:02,248.45,8.6,1574.54,-1392.55
960,5,,06/18/2023,15:57:04,247.92,8.64,1571.82,-1331.29
961,5,,06/18/2023,15:57:06,247.39,8.67,1569.21,-1269.72
962,5,,06/18/2023,15:57:08,246.85,8.71,1566.74,-1207.84
963,5,,06/18/2023,15:57:10,246.31,8.74,1564.38,-1145.68
964,5,,06/18/2023,15:57:12,245.77,8.78,1562.15,-1083.24
965,5,,06/18/2023,15:57:14,245.23,8.81,1560.05,-1020.54
966,5,,06/18/2023,15:57:16,244.69,8.84,1558.07,-957.59
967,5,,06/18/2023,15:57:18,244.15,8.86,1556.22,-894.41
968,5,,06/18/2023,15:57:20,243.6,8.89,1554.5,-831.01
969,5,,06/18/2023,15:57:22,243.06,8.91,1552.9,-767.4
970,5,,06/18/2023,15:57:24,242.51,8.93,1551.43,-703.6
971,5,,06/18/2023,15:57:26,241.96,8.95,1550.08,-639.63
972,5,,06/18/2023,15:57:28,241.41,8.97,1548.87,-575.51
973,5,,06/18/2023,15:57:30,240.86,8.99,1547.78,-511.24
974,5,,06/18/2023,15:57:32,240.31,9.0,1546.82,-446.84
975,5,,06/18/2023,15:57:34,239.76,9.01,1545.99,-382.33
976,5,,06/18/2023,15:57:36,239.21,9.02,1545.29,-317.73
977,5,,06/18/2023,15:57:38,238.65,9.03,1544.72,-253.05
978,5,,06/18/2023,15:57:40,238.1,9.04,1544.28,-188.31
979,5,,06/18/2023,15:57:42,237.55,9.04,1543.97,-123.53
980,5,,06/18/2023,15:57:44,236.99,9.05,1543.79,-58.71
981,5,MAX,06/18/2023,15:57:45,236.56,9.05,1543.73,-8.11
982,5,,06/18/2023,15:57:46,236.44,9.05,1543.73,6.11
983,5,,06/18/2023,15:57:48,235.89,9.04,1543.81,70.93
984,5,,06/18/2023,15:57:50,235.33,9.04,1544.02,135.73
985,5,,06/18/2023,15:57:52,234.78,9.04,1544.35,200.49
986,5,,06/18/2023,15:57:54,234.23,9.03,1544.82,265.2
987,5,,06/18/2023,15:57:56,233.68,9.02,1545.42,329.83
988,5,,06/18/2023,15:57:58,233.12,9.01,1546.14,394.38
989,5,,06/18/2023,15:58:00,232.57,9.0,1546.99,458.82
990,5,,06/18/2023,15:58:02,232.02,8.98,1547.97,523.14
991,5,,06/18/2023,15:58:04,231.47,8.96,1549.09,587.33
992,5,,06/18/2023,15:58:06,230.92,8.95,1550.32,651.36
993,5,,06/18/2023,15:58:08,230.37,8.92,1551.69,715.23
994,5,,06/18/2023,15:58:10,229.83,8.9,1553.18,778.91
995,5,,06/18/2023,15:58:12,229.28,8.88,1554.81,842.4
996,5,,06/18/2023,15:58:14,228.74,8.85,1556.55,905.67
997,5,,06/18/2023,15:58:16,228.19,8.82,1558.43,968.71
998,5,,06/18/2023,15:58:18,227.65,8.79,1560.43,1031.51
999,5,,06/18/2023,15:58:20,227.11,8.76,1562.55,1094.05
1000,5,,06/18/2023,15:58:22,226.57,8.73,1564.8,1156.33
1001,5,,06/18/2023,15:58:24,226.04,8.69,1567.18,1218.31
1002,5,,06/18/2023,15:58:26,225.5,8.66,1569.68,1280.0
1003,5,,06/18/2023,15:58:28,224.97,8.62,1572.3,1341.38
1004,5,,06/18/2023,15:58:30,224.44,8.58,1575.04,1402.44
1005,5,,06/18/2023,15:58:32,223.91,8.54,1577.91,1463.16
1006,5,,06/18/2023,15:58:34,223.38,8.49,1580.9,1523.53
1007,5,,06/18/2023,15:58:36,222.85,8.45,1584.0,1583.55
1008,5,,06/18/2023,15:58:38,222.33,8.4,1587.23,1643.19
1009,5,,06/18/2023,15:58:40,221.81,8.35,1590.58,1702.46
1010,5,,06/18/2023,15:58:42,221.29,8.3,1594.04,1761.33
1011,5,,06/18/2023,15:58:44,220.78,8.25,1597.62,1819.8
1012,5,,06/18/2023,15:58:46,220.26,8.2,1601.32,1877.87
1013,5,,06/18/2023,15:58:48,219.75,8.14,1605.13,1935.51
1014,5,,06/18/2023,15:58:50,219.24,8.09,1609.06,1992.73
1015,5,,06/18/2023,15:58:52,218.74,8.03,1613.1,2049.5
1016,5,,06/18/2023,15:58:54,218.24,7.97,1617.26,2105.84
1017,5,,06/18/2023,15:58:56,217.74,7.91,1621.52,2161.72
1018,5,,06/18/2023,15:58:58,217.24,7.85,1625.9,2217.14
1019,5,,06/18/2023,15:59:00,216.74,7.79,1630.39,2272.1
1020,5,,06/18/2023,15:59:02,216.25,7.72,1634.99,2326.59
1021,5,,06/18/2023,15:59:04,215.77,7.66,1639.7,2380.6
1022,5,,06/18/2023,15:59:06,215.28,7.59,1644.51,2434.12
1023,5,,06/18/2023,15:59:08,214.8,7.52,1649.44,2487.16
1024,5,,06/18/2023,15:59:10,214.32,7.46,1654.46,2539.71
1025,5,,06/18/2023,15:59:12,213.84,7.39,1659.59,2591.75
1026,5,,06/18/2023,15:59:14,213.37,7.31,1664.83,2643.3
1027,5,,06/18/2023,15:59:16,212.9,7.24,1670.17,2694.34
1028,5,,06/18/2023,15:59:18,212.43,7.17,1675.61,2744.88
1029,5,,06/18/2023,15:59:20,211.97,7.1,1681.15,2794.9
1030,5,,06/18/2023,15:59:22,211.51,7.02,1686.79,2844.41
1031,5,,06/18/2023,15:59:24,211.05,6.94,1692.52,2893.41
1032,5,,06/18/2023,15:59:26,210.6,6.87,1698.36,2941.89
1033,5,,06/18/2023,15:59:28,210.15,6.79,1704.29,2989.85
1034,5,,06/18/2023,15:59:30,209.7,6.71,1710.32,3037.29
1035,5,,06/18/2023,15:59:32,209.26,6.63,1716.44,3084.21
1036,5,,06/18/2023,15:59:34,208.81,6.55,1722.65,3130.61
1037,5,,06/18/2023,15:59:36,208.38,6.47,1728.96,3176.49
1038,5,,06/18/2023,15:59:38,207.94,6.39,1735.36,3221.84
1039,5,,06/18/2023,15:59:40,207.51,6.31,1741.85,3266.68
1040,5,,06/18/2023,15:59:42,207.09,6.22,1748.43,3311.0
1041,5,,06/18/2023,15:59:44,206.66,6.14,1755.09,3354.79
1042,5,,06/18/2023,15:59:46,206.24,6.05,1761.84,3398.07
1043,5,,06/18/2023,15:59:48,205.82,5.97,1768.68,3440.83
1044,5,,06/18/2023,15:59:50,205.41,5.88,1775.61,3483.08
1045,5,,06/18/2023,15:59:52,205.0,5.8,1782.62,3524.81
1046,5,,06/18/2023,15:59:54,204.59,5.71,1789.71,3566.03
1047,5,,06/18/2023,15:59:56,204.19,5.62,1796.88,3606.73
1048,5,,06/18/2023,15:59:58,203.79,5.53,1804.13,3646.94
1049,5,,06/18/2023,16:00:00,203.39,5.44,1811.47,3686.63
1050,5,,06/18/2023,16:00:02,203.0,5.35,1818.88,3725.83
1051,5,,06/18/2023,16:00:04,202.61,5.26,1826.37,3764.52
1052,5,,06/18/2023,16:00:06,202.22,5.17,1833.94,3802.72
1053,5,,06/18/2023,16:00:08,201.84,5.08,1841.58,3840.43
1054,5,,06/18/2023,16:00:10,201.46,4.99,1849.3,3877.64
1055,5,,06/18/2023,16:00:12,201.08,4.9,1857.09,3914.37
1056,5,,06/18/2023,16:00:14,200.71,4.81,1864.96,3950.61
1057,5,,06/18/2023,16:00:16,200.34,4.72,1872.89,3986.38
1058,5,,06/18/2023,16:00:18,199.97,4.63,1880.9,4021.67
1059,5,,06/18/2023,16:00:20,199.61,4.53,1888.98,4056.49
1060,5,,06/18/2023,16:00:22,199.25,4.44,1897.13,4090.84
1061,5,,06/18/2023,16:00:24,198.89,4.35,1905.34,4124.72
1062,5,,06/18/2023,16:00:26,198.53,4.25,1913.63,4158.15
1063,5,,06/18/2023,16:00:28,198.18,4.16,1921.97,4191.12
1064,5,,06/18/2023,16:00:30,197.84,4.06,1930.39,4223.64
1065,5,,06/18/2023,16:00:32,197.49,3.97,1938.87,4255.71
1066,5,,06/18/2023,16:00:34,197.15,3.88,1947.41,4287.34
1067,5,,06/18/2023,16:00:36,196.81,3.78,1956.02,4318.54
1068,5,,06/18/2023,16:00:38,196.47,3.69,1964.69,4349.29
1069,5,,06/18/2023,16:00:40,196.14,3.59,1973.41,4379.62
1070,5,,06/18/2023,16:00:42,195.81,3.5,1982.2,4409.53
1071,5,,06/18/2023,16:00:44,195.49,3.4,1991.05,4439.01
1072,5,,06/18/2023,16:00:46,195.16,3.31,1999.96,4468.08
1073,5,,06/18/2023,16:00:48,194.84,3.21,2008.92,4496.73
1074,5,,06/18/2023,16:00:50,194.52,3.12,2017.95,4524.99
1075,5,,06/18/2023,16:00:52,194.21,3.02,2027.02,4552.83
1076,5,,06/18/2023,16:00:54,193.9,2.92,2036.16,4580.29
1077,5,,06/18/2023,16:00:56,193.59,2.83,2045.35,4607.35
1078,5,,06/18/2023,16:00:58,193.28,2.73,2054.59,4634.02
1079,5,,06/18/2023,16:01:00,192.98,2.64,2063.88,4660.3
1080,5,,06/18/2023,16:01:02,192.68,2.54,2073.23,4686.21
1081,5,,06/18/2023,16:01:04,192.38,2.44,2082.63,4711.75
1082,5,,06/18/2023,16:01:06,192.08,2.35,2092.07,4736.92
1083,5,,06/18/2023,16:01:08,191.79,2.25,2101.57,4761.72
1084,5,,06/18/2023,16:01:10,191.5,2.16,2111.12,4786.16
1085,5,,06/18/2023,16:01:12,191.22,2.06,2120.72,4810.25
1086,5,,06/18/2023,16:01:14,190.93,1.96,2130.36,4833.98
1087,5,,06/18/2023,16:01:16,190.65,1.87,2140.05,4857.37
1088,5,,06/18/2023,16:01:18,190.37,1.77,2149.79,4880.41
1089,5,,06/18/2023,16:01:20,190.09,1.68,2159.57,4903.12
1090,5,,06/18/2023,16:01:22,189.82,1.58,2169.4,4925.5
1091,5,,06/18/2023,16:01:24,189.55,1.48,2179.28,4947.55
1092,5,,06/18/2023,16:01:26,189.28,1.39,2189.19,4969.27
1093,5,,06/18/2023,16:01:28,189.01,1.29,2199.15,4990.67
1094,5,,06/18/2023,16:01:30,188.75,1.2,2209.16,5011.76
1095,5,,06/18/2023,16:01:32,188.49,1.1,2219.2,5032.53
1096,5,,06/18/2023,16:01:34,188.23,1.01,2229.29,5053.0
1097,5,,06/18/2023,16:01:36,187.97,0.91,2239.41,5073.17
1098,5,,06/18/2023,16:01:38,187.71,0.81,2249.58,5093.04
1099,5,,06/18/2023,16:01:40,187.46,0.72,2259.78,5112.61
1100,5,,06/18/2023,16:01:42,187.21,0.62,2270.03,5131.89
1101,5,,06/18/2023,16:01:44,186.96,0.53,2280.31,5150.88
1102,5,,06/18/2023,16:01:46,186.72,0.43,2290.63,5169.6
1103,5,,06/18/2023,16:01:48,186.47,0.34,2300.99,5188.03
1104,5,,06/18/2023,16:01:50,186.23,0.24,2311.38,5206.19
1105,5,,06/18/2023,16:01:52,185.99,0.15,2321.81,5224.08
1106,5,,06/18/2023,16:01:54,185.76,0.05,2332.28,5241.7
1107,5,LOS,06/18/2023,16:01:55,185.62,-0.0,2338.3,5251.69
